inactivity_minutes,zone_risk_label,time_of_day,expected_stop,label
11.37,2,0.8972,1,0
16.92,2,0.3002,0,1
2.88,2,0.8212,0,0
3.12,0,0.303,0,0
9.42,2,0.4451,0,0
36.57,1,0.9955,1,0
3.95,2,0.989,1,0
0.38,2,0.6125,0,0
6.18,1,0.5149,0,0
10.43,2,0.6292,1,0
0.22,0,0.2475,0,0
6.35,0,0.692,0,0
4.52,2,0.0037,0,0
24.6,1,0.2676,0,1
34.96,0,0.8472,1,0
6.05,0,0.0915,1,0
24.47,2,0.8713,1,0
21.36,1,0.0593,1,0
6.97,1,0.1502,0,0
5.65,1,0.9787,0,0
18.74,1,0.638,1,0
4.42,2,0.4403,0,0
10.85,0,0.0967,0,0
2.84,2,0.6718,0,0
13.0,1,0.6622,1,0
13.45,2,0.9449,1,0
4.9,2,0.1455,1,0
0.5,2,0.5523,1,0
59.04,1,0.6416,1,0
4.34,0,0.411,0,0
2.35,2,0.8762,0,0
54.83,2,0.3222,1,0
0.92,0,0.3722,0,0
13.25,2,0.9671,0,1
5.41,2,0.5237,0,0
9.19,2,0.5903,0,0
5.74,2,0.5191,0,0
105.78,2,0.1511,1,0
12.84,0,0.753,0,0
2.98,1,0.4189,0,0
6.0,2,0.6285,0,0
3.37,2,0.7258,1,0
2.13,0,0.3631,0,0
10.74,1,0.9481,0,0
29.25,2,0.2715,0,1
18.81,0,0.9804,0,0
33.02,2,0.8965,1,0
27.4,1,0.4266,1,0
0.88,1,0.9228,0,0
10.76,0,0.5195,0,0
4.5,2,0.806,0,0
23.04,0,0.6296,1,0
3.24,0,0.3983,0,0
23.12,0,0.2129,0,0
26.45,2,0.1124,1,0
12.31,2,0.5947,0,1
0.79,1,0.9614,0,0
5.48,0,0.6352,1,0
8.75,2,0.4115,0,0
4.19,2,0.73,1,0
78.64,2,0.802,1,0
1.07,2,0.9156,1,0
0.54,0,0.0202,0,0
7.75,2,0.1875,0,0
2.11,0,0.5904,0,0
11.01,0,0.0211,1,0
7.42,1,0.5384,1,0
3.43,1,0.6108,1,0
32.18,2,0.0397,1,0
7.04,1,0.854,1,0
3.58,1,0.318,0,0
16.74,0,0.7975,1,0
4.71,1,0.7971,1,0
3.02,2,0.8826,1,0
16.88,1,0.6387,1,0
2.17,2,0.6612,0,0
14.54,2,0.8035,1,0
19.26,0,0.8673,1,0
2.7,0,0.0267,0,0
3.03,1,0.5637,0,0
5.85,2,0.2528,0,0
18.78,2,0.1011,1,0
8.04,2,0.6624,0,0
11.07,1,0.3717,0,0
4.53,0,0.2474,0,0
4.59,2,0.0815,0,0
0.71,2,0.2997,1,0
1.68,0,0.1311,1,0
2.37,2,0.0813,0,0
7.11,2,0.3064,0,0
14.2,1,0.1871,1,0
11.98,0,0.3754,1,0
35.2,1,0.7273,0,1
51.47,1,0.6742,1,0
11.35,2,0.5188,0,1
9.78,2,0.2662,0,0
1.64,0,0.8966,1,0
8.4,2,0.7995,0,0
22.07,0,0.9968,1,0
0.83,2,0.7771,1,0
13.94,0,0.1844,1,0
15.54,1,0.7213,1,0
0.3,0,0.4198,0,0
7.53,1,0.5424,1,0
10.83,2,0.7216,1,0
12.46,0,0.9195,1,0
7.45,2,0.7604,0,0
100.95,1,0.8253,1,0
30.97,0,0.0918,0,0
22.27,0,0.1768,0,0
2.37,2,0.7504,0,0
37.11,1,0.2172,1,0
0.34,0,0.4734,0,0
22.56,0,0.3122,0,0
17.48,0,0.0568,0,0
3.89,1,0.3941,0,0
12.4,1,0.033,0,0
5.91,2,0.1763,0,0
14.76,1,0.1837,0,0
1.46,2,0.5269,0,0
29.3,2,0.6285,1,0
5.18,2,0.7908,0,0
1.39,1,0.1363,0,0
11.13,1,0.9416,1,0
16.67,2,0.2078,1,0
0.28,1,0.915,0,0
0.89,2,0.6,0,0
9.84,1,0.4651,0,0
44.84,0,0.829,1,0
7.28,2,0.8497,1,0
1.25,2,0.3016,1,0
12.02,0,0.1658,1,0
35.47,2,0.3294,1,0
1.34,1,0.5145,0,0
43.22,0,0.5754,1,0
13.41,0,0.8018,0,0
21.73,2,0.9506,1,0
13.74,0,0.6921,0,0
2.07,2,0.6697,0,0
7.16,0,0.7692,1,0
39.03,2,0.0154,1,0
3.19,2,0.4091,0,0
8.37,1,0.7308,1,0
48.19,2,0.5581,1,0
6.88,1,0.4528,0,0
7.06,0,0.0742,1,0
21.04,0,0.1955,0,0
18.31,1,0.4543,0,0
52.04,2,0.5535,1,0
19.03,0,0.6204,0,0
21.67,1,0.6418,1,0
25.24,0,0.3961,1,0
9.76,2,0.4666,0,0
24.04,2,0.338,1,0
4.87,2,0.8447,0,0
0.22,2,0.7129,0,0
2.63,2,0.8603,0,0
12.44,1,0.6647,1,0
2.85,0,0.4206,1,0
3.49,1,0.2929,0,0
22.6,1,0.3526,1,0
6.19,2,0.5814,0,0
9.53,0,0.3771,1,0
75.17,0,0.4938,1,0
2.84,0,0.8666,0,0
4.06,1,0.198,0,0
7.78,0,0.8276,1,0
51.83,2,0.4581,1,0
12.52,1,0.2013,1,0
3.03,1,0.7705,1,0
16.49,0,0.8174,1,0
6.17,0,0.6829,0,0
17.08,1,0.3766,1,0
9.47,2,0.4765,0,0
39.76,2,0.2032,1,0
2.91,1,0.306,0,0
22.28,1,0.4229,0,1
1.85,1,0.1956,1,0
18.23,0,0.7683,0,0
7.54,2,0.6564,1,0
10.48,2,0.7503,1,0
18.06,0,0.4376,0,0
0.88,0,0.4413,0,0
1.91,1,0.138,0,0
0.3,2,0.9617,0,0
11.19,0,0.165,0,0
2.44,2,0.4582,0,0
1.93,0,0.7924,0,0
22.82,1,0.4063,1,0
44.57,1,0.1609,1,0
0.23,0,0.6683,1,0
19.84,0,0.6003,1,0
2.48,2,0.9534,0,0
0.2,0,0.3152,0,0
11.22,2,0.9151,1,0
31.82,2,0.5701,1,0
22.63,2,0.3357,1,0
4.93,0,0.7241,0,0
7.56,1,0.8515,0,0
1.8,0,0.0775,0,0
1.64,1,0.3039,0,0
21.31,1,0.2784,1,0
4.51,2,0.8535,1,0
9.49,1,0.787,0,0
33.17,0,0.7995,0,0
5.42,2,0.2676,0,0
1.37,2,0.7024,0,0
6.87,0,0.1176,1,0
3.53,1,0.5501,0,0
3.42,1,0.2743,0,0
52.1,2,0.3128,1,0
4.95,1,0.8624,0,0
44.78,2,0.6357,1,0
32.44,0,0.7249,0,0
27.65,0,0.0265,0,0
57.34,1,0.2047,1,0
5.57,1,0.4693,0,0
0.62,1,0.288,0,0
5.04,1,0.2195,0,0
18.76,0,0.0631,0,0
23.57,1,0.7388,0,1
4.37,1,0.5722,0,0
24.99,1,0.1249,0,1
1.26,2,0.8046,0,0
21.13,2,0.8653,1,0
4.18,0,0.5217,0,0
14.96,1,0.0732,1,0
8.32,0,0.4696,1,0
4.73,2,0.3199,1,0
0.71,2,0.1534,0,0
16.72,0,0.9536,1,0
22.59,1,0.3236,1,0
10.31,2,0.5893,1,0
10.57,2,0.1981,1,0
6.4,2,0.1659,0,0
13.04,2,0.1351,1,0
8.69,2,0.403,1,0
10.2,2,0.5417,0,1
34.29,0,0.107,1,0
7.85,2,0.1013,1,0
6.0,2,0.8492,0,0
2.06,2,0.3324,0,0
1.29,1,0.9216,0,0
2.15,2,0.487,0,0
3.38,1,0.4377,1,0
32.65,2,0.9821,0,1
4.05,2,0.8082,0,0
44.0,2,0.0127,1,0
5.37,1,0.4558,0,0
1.72,0,0.1654,1,0
12.74,0,0.0524,0,0
3.63,2,0.4648,0,0
1.77,1,0.2809,1,0
1.93,0,0.7552,0,0
6.15,0,0.755,0,0
3.92,0,0.9181,1,0
7.05,0,0.2531,1,0
12.09,2,0.6025,0,1
2.26,2,0.7124,0,0
7.85,2,0.9727,0,0
0.46,0,0.9058,0,0
18.4,2,0.3316,0,1
5.75,2,0.9182,0,0
2.97,2,0.5686,0,0
21.5,2,0.7372,1,0
125.13,1,0.1567,1,0
24.4,1,0.7833,0,1
14.68,0,0.266,1,0
30.46,0,0.9457,1,0
34.81,1,0.4059,1,0
16.01,0,0.4712,1,0
2.41,0,0.4328,0,0
7.06,0,0.754,0,0
12.47,1,0.8023,1,0
8.87,1,0.2779,0,0
8.23,1,0.3742,1,0
1.82,0,0.1866,1,0
9.18,2,0.7564,1,0
16.47,1,0.0341,1,0
2.02,2,0.2534,1,0
2.63,2,0.5899,1,0
85.44,0,0.08,1,0
1.58,0,0.2535,0,0
10.98,0,0.2866,1,0
2.28,0,0.9501,1,0
8.86,2,0.6013,1,0
0.04,0,0.3279,0,0
0.4,1,0.5501,0,0
0.73,2,0.3333,0,0
13.49,1,0.9269,0,0
0.25,2,0.7085,0,0
6.67,1,0.9607,0,0
7.82,0,0.0932,1,0
0.15,1,0.2192,0,0
0.4,0,0.6332,0,0
8.03,0,0.9028,0,0
3.24,1,0.0865,0,0
40.23,1,0.5471,1,0
5.67,0,0.2603,0,0
44.29,2,0.8171,1,0
24.48,1,0.0151,1,0
21.53,0,0.1291,0,0
2.12,2,0.7866,1,0
4.92,1,0.0353,0,0
58.06,0,0.2441,1,0
5.26,2,0.3113,0,0
4.09,1,0.4427,0,0
53.02,0,0.5026,1,0
9.94,2,0.3168,1,0
0.2,2,0.504,1,0
17.36,0,0.9904,0,0
1.25,2,0.5113,0,0
10.6,1,0.9513,0,0
8.73,0,0.1517,0,0
43.75,2,0.6238,1,0
55.95,2,0.2101,1,0
3.33,1,0.6985,0,0
22.66,0,0.9751,0,0
10.62,0,0.4288,0,0
1.41,0,0.2527,0,0
2.14,2,0.3815,1,0
3.06,2,0.6568,0,0
17.87,1,0.9601,1,0
3.81,2,0.8596,0,0
49.77,1,0.2873,1,0
19.15,1,0.6026,0,0
8.76,1,0.8073,0,0
0.15,1,0.3503,0,0
5.42,1,0.6231,0,0
20.31,1,0.9623,1,0
9.89,0,0.8066,1,0
41.93,0,0.2027,1,0
22.84,0,0.6219,1,0
4.87,1,0.5195,0,0
19.21,1,0.1282,0,0
1.56,2,0.1419,1,0
9.12,0,0.1344,0,0
24.44,2,0.4223,1,0
4.23,2,0.6646,0,0
8.5,2,0.4634,0,0
2.23,2,0.7187,0,0
18.85,1,0.3941,1,0
11.6,0,0.6728,1,0
0.45,2,0.9907,0,0
0.06,2,0.9589,0,0
0.71,2,0.2134,0,0
3.88,1,0.5924,0,0
19.63,1,0.811,0,0
14.65,1,0.1377,1,0
33.93,0,0.4283,1,0
3.58,1,0.5109,0,0
25.54,2,0.7664,1,0
5.88,2,0.9919,0,0
2.99,2,0.4149,0,0
14.19,1,0.6396,0,0
17.49,2,0.8732,1,0
12.74,0,0.2847,0,0
1.86,2,0.6953,0,0
1.43,1,0.948,1,0
2.06,0,0.6049,1,0
2.16,2,0.0495,0,0
5.32,2,0.3679,0,0
23.23,2,0.8224,1,0
0.05,2,0.5697,0,0
0.55,2,0.9607,0,0
12.6,1,0.6525,1,0
75.22,0,0.2893,1,0
17.42,2,0.119,0,1
13.63,1,0.1475,0,0
12.8,0,0.5493,0,0
41.82,0,0.059,1,0
18.25,0,0.4598,1,0
4.44,2,0.8735,0,0
63.44,1,0.7871,1,0
2.86,1,0.7155,0,0
4.72,0,0.3248,0,0
0.62,1,0.9314,1,0
6.57,1,0.362,0,0
36.13,0,0.512,1,0
4.14,0,0.2899,1,0
22.88,0,0.8802,0,0
10.21,1,0.4401,0,0
78.81,1,0.5871,1,0
4.35,1,0.4081,0,0
16.21,2,0.7061,1,0
24.12,2,0.4853,1,0
24.81,1,0.1274,0,1
1.13,2,0.8474,0,0
8.01,1,0.087,1,0
5.12,0,0.9652,0,0
9.17,0,0.1279,0,0
1.91,2,0.1249,0,0
4.58,2,0.4078,0,0
2.61,1,0.8009,1,0
17.47,1,0.4919,0,0
35.19,2,0.5108,0,1
1.08,2,0.5559,0,0
19.98,0,0.0848,1,0
0.98,2,0.7119,0,0
45.18,2,0.8936,1,0
5.15,0,0.0007,0,0
0.98,2,0.7637,1,0
33.31,1,0.9171,1,0
17.79,1,0.863,1,0
11.4,2,0.099,0,1
1.14,1,0.3842,0,0
6.13,2,0.284,1,0
5.83,2,0.1266,0,0
39.88,0,0.009,0,0
8.73,0,0.6718,1,0
5.77,0,0.0919,0,0
14.21,1,0.5043,0,0
0.87,2,0.6166,1,0
4.42,1,0.8975,0,0
11.63,2,0.05,1,0
2.68,2,0.41,0,0
26.88,2,0.9375,1,0
9.99,2,0.0753,0,0
17.54,2,0.017,1,0
4.46,0,0.46,0,0
40.85,1,0.9895,1,0
11.29,1,0.715,0,0
5.2,1,0.3657,0,0
0.76,2,0.2421,0,0
9.97,1,0.2933,0,0
8.94,1,0.3439,1,0
26.56,0,0.3592,1,0
10.99,1,0.6503,0,0
16.82,2,0.9654,0,1
22.17,0,0.6351,1,0
4.77,2,0.708,0,0
12.16,1,0.6815,1,0
2.92,2,0.7909,0,0
16.18,0,0.3214,1,0
14.58,1,0.6625,0,0
3.75,0,0.447,1,0
17.03,2,0.4641,1,0
13.73,1,0.0878,0,0
39.18,2,0.9218,1,0
3.1,0,0.7718,0,0
3.68,1,0.3795,1,0
25.33,1,0.5305,0,1
28.69,0,0.6783,1,0
35.79,0,0.3454,1,0
0.05,0,0.5628,0,0
4.87,0,0.22,0,0
17.17,0,0.6569,0,0
16.0,1,0.1051,0,0
0.78,1,0.8916,0,0
3.25,0,0.4947,0,0
10.29,0,0.2753,0,0
20.84,1,0.3628,1,0
9.69,1,0.5799,0,0
31.37,0,0.8217,0,0
10.59,2,0.2924,0,1
43.36,0,0.6116,1,0
13.49,2,0.7405,1,0
27.47,0,0.3704,0,0
5.79,0,0.3018,1,0
4.72,2,0.6967,0,0
3.83,2,0.2337,1,0
3.18,1,0.4643,1,0
2.66,0,0.745,0,0
4.74,1,0.4628,0,0
12.58,0,0.8172,1,0
6.98,2,0.6474,1,0
30.86,2,0.7281,1,0
21.26,1,0.83,1,0
10.14,1,0.5173,1,0
8.09,0,0.1555,0,0
8.61,2,0.4215,0,0
63.45,1,0.6802,1,0
1.1,1,0.5079,0,0
2.24,0,0.9504,0,0
59.87,2,0.8654,1,0
13.28,2,0.441,1,0
14.84,1,0.1947,1,0
5.15,0,0.9884,0,0
3.16,1,0.9398,0,0
23.45,0,0.8533,1,0
2.3,2,0.1972,0,0
6.56,2,0.3491,0,0
4.56,0,0.5362,1,0
0.13,2,0.1594,1,0
8.18,2,0.3379,1,0
12.27,2,0.6521,0,1
0.97,1,0.7152,0,0
17.63,1,0.4886,1,0
11.63,0,0.676,0,0
18.47,1,0.0691,1,0
1.09,1,0.1024,0,0
18.68,1,0.9597,0,0
13.33,2,0.6988,1,0
3.68,2,0.4407,0,0
0.37,0,0.7712,0,0
16.01,2,0.479,0,1
9.27,1,0.725,1,0
3.4,0,0.309,0,0
18.16,2,0.9933,1,0
12.82,2,0.2976,0,1
4.8,0,0.5949,1,0
1.1,2,0.6334,0,0
0.13,0,0.1907,0,0
9.89,0,0.8512,0,0
4.95,1,0.0695,1,0
4.0,0,0.6612,1,0
8.96,2,0.6376,0,0
15.85,1,0.1882,0,0
2.75,1,0.7173,0,0
0.57,0,0.2367,0,0
3.79,2,0.2002,0,0
26.69,1,0.3626,0,1
9.47,1,0.1034,0,0
15.22,0,0.4389,1,0
9.17,1,0.2216,1,0
2.42,1,0.3219,1,0
25.06,0,0.2987,1,0
10.06,0,0.7984,1,0
6.25,2,0.8423,0,0
1.38,2,0.481,0,0
12.65,1,0.8317,1,0
2.29,1,0.3837,0,0
15.48,1,0.9417,1,0
0.01,2,0.3727,0,0
3.25,1,0.2761,1,0
2.65,1,0.3232,0,0
4.22,0,0.23,0,0
39.05,0,0.629,1,0
3.25,1,0.8751,0,0
9.35,1,0.3793,0,0
10.57,1,0.4064,0,0
2.25,0,0.3843,0,0
1.82,2,0.619,0,0
1.5,2,0.7953,0,0
10.82,1,0.7133,0,0
29.74,1,0.8112,1,0
32.99,2,0.1571,1,0
2.45,1,0.2578,0,0
25.4,1,0.0199,0,1
3.69,1,0.7755,1,0
2.44,0,0.8383,1,0
1.09,2,0.2678,0,0
3.03,1,0.5389,0,0
119.38,0,0.5313,1,0
2.44,2,0.7071,0,0
14.71,1,0.0685,1,0
13.44,1,0.2723,1,0
18.52,1,0.5178,1,0
8.42,0,0.3636,0,0
5.33,2,0.0386,0,0
10.01,0,0.0124,0,0
3.06,1,0.5375,0,0
11.86,1,0.9009,0,0
0.97,2,0.418,0,0
22.16,2,0.6617,0,1
0.11,1,0.6753,1,0
1.88,2,0.5146,0,0
43.56,0,0.4493,0,0
3.85,0,0.2686,0,0
3.65,2,0.2275,1,0
3.39,0,0.6495,0,0
10.64,1,0.1965,1,0
1.32,2,0.8817,0,0
3.85,0,0.8387,1,0
5.59,0,0.5861,0,0
6.57,1,0.7813,0,0
24.2,0,0.4873,0,0
4.26,0,0.1609,0,0
7.69,2,0.2482,0,0
4.49,0,0.2054,0,0
1.24,2,0.2402,0,0
13.11,2,0.6743,1,0
3.06,2,0.4157,0,0
16.74,1,0.0687,1,0
10.4,2,0.5896,1,0
37.04,0,0.4095,1,0
0.44,0,0.8909,0,0
35.11,1,0.8856,0,1
6.84,0,0.8276,1,0
0.37,0,0.4518,0,0
0.14,0,0.2033,0,0
4.23,2,0.076,0,0
3.2,1,0.37,1,0
11.85,1,0.3264,1,0
9.59,2,0.6199,1,0
5.01,1,0.9429,1,0
18.83,2,0.8678,0,1
5.27,2,0.5669,0,0
9.26,0,0.3421,1,0
18.81,1,0.3425,0,0
20.23,0,0.4581,0,0
24.61,0,0.2951,0,0
32.27,1,0.9283,0,1
22.08,0,0.5923,0,0
25.01,0,0.3068,1,0
1.46,0,0.2919,0,0
7.69,0,0.8874,1,0
17.6,1,0.4903,1,0
10.23,0,0.9652,0,0
7.45,0,0.9451,1,0
42.47,0,0.1141,1,0
47.4,2,0.8374,1,0
4.39,1,0.9772,1,0
1.73,2,0.2141,1,0
3.63,1,0.7197,0,0
0.58,2,0.9422,0,0
12.96,1,0.8324,0,0
17.15,2,0.3328,1,0
13.05,2,0.3573,1,0
21.07,1,0.4687,1,0
5.67,0,0.7499,0,0
1.98,2,0.5318,0,0
0.63,1,0.1107,1,0
1.37,0,0.5315,1,0
13.24,2,0.433,1,0
2.13,0,0.538,1,0
60.42,2,0.694,1,0
37.26,0,0.7852,0,0
2.52,0,0.4102,0,0
2.97,1,0.2316,0,0
8.97,1,0.7656,0,0
7.69,2,0.2846,1,0
21.15,0,0.4698,1,0
9.07,2,0.557,0,0
1.66,2,0.5191,0,0
6.71,2,0.962,0,0
13.15,2,0.7604,0,1
3.7,0,0.9162,1,0
29.05,2,0.7429,1,0
15.36,2,0.6023,1,0
54.73,1,0.5548,1,0
45.25,2,0.7372,1,0
3.37,2,0.7696,0,0
15.5,1,0.2962,1,0
4.27,1,0.0352,1,0
5.15,0,0.8515,0,0
8.54,2,0.2445,1,0
13.68,2,0.6539,1,0
15.6,0,0.2502,1,0
35.8,2,0.3861,1,0
26.85,0,0.4792,1,0
16.99,0,0.1662,0,0
7.38,2,0.5854,0,0
25.36,0,0.7542,0,0
3.93,2,0.2598,0,0
22.98,1,0.8701,1,0
4.42,1,0.4453,0,0
0.89,1,0.2309,0,0
7.37,2,0.0639,0,0
29.5,2,0.6514,1,0
44.64,1,0.6338,1,0
9.87,2,0.7989,0,0
73.58,0,0.9799,1,0
1.33,2,0.7873,1,0
18.94,0,0.0185,1,0
6.12,2,0.2574,0,0
12.07,1,0.2987,0,0
6.87,2,0.7738,1,0
2.73,0,0.8524,0,0
0.92,2,0.2316,0,0
8.02,1,0.7289,1,0
7.01,1,0.6934,1,0
1.12,2,0.0927,0,0
18.22,1,0.6345,1,0
5.22,1,0.9008,0,0
4.7,0,0.5945,1,0
26.11,0,0.6254,1,0
6.75,0,0.6045,0,0
5.66,2,0.1332,0,0
0.56,1,0.7653,0,0
5.77,1,0.997,0,0
5.93,1,0.21,1,0
0.25,2,0.7898,0,0
7.69,2,0.9903,1,0
6.8,1,0.2339,0,0
0.04,2,0.8517,0,0
0.15,0,0.6674,1,0
14.01,0,0.7351,0,0
9.42,0,0.8613,0,0
20.62,0,0.115,0,0
11.14,0,0.1795,0,0
22.2,0,0.6619,1,0
21.79,0,0.1978,1,0
1.54,2,0.2698,0,0
0.34,2,0.106,0,0
1.44,2,0.3899,0,0
14.72,1,0.5804,1,0
36.15,0,0.9087,0,0
7.28,0,0.8248,1,0
29.06,1,0.6229,0,1
0.16,2,0.48,0,0
0.31,0,0.7785,1,0
0.16,1,0.6916,1,0
19.79,0,0.3355,1,0
18.19,2,0.6357,1,0
20.14,2,0.1212,0,1
14.47,1,0.8351,1,0
33.66,1,0.5306,1,0
3.34,0,0.4967,0,0
0.21,2,0.2162,1,0
12.43,0,0.1792,0,0
1.55,2,0.1028,0,0
81.87,0,0.5092,1,0
4.27,2,0.1501,0,0
3.49,0,0.3456,0,0
15.05,2,0.3179,1,0
2.08,2,0.7534,0,0
4.07,2,0.9276,0,0
49.94,1,0.3393,1,0
30.13,1,0.9883,0,1
18.59,1,0.8315,1,0
74.72,1,0.1248,1,0
10.42,0,0.2426,0,0
36.64,0,0.1489,1,0
3.54,0,0.995,0,0
2.02,0,0.3627,0,0
17.84,0,0.6295,0,0
65.5,1,0.365,1,0
29.76,2,0.9399,0,1
20.21,0,0.8608,0,0
48.09,0,0.8404,1,0
24.96,0,0.367,1,0
19.84,1,0.1605,1,0
2.74,2,0.1839,0,0
2.28,2,0.2798,1,0
32.54,0,0.3247,0,0
4.27,1,0.4827,0,0
14.9,2,0.294,0,1
3.33,0,0.8503,1,0
5.41,0,0.4509,1,0
38.15,2,0.9229,0,1
10.31,2,0.0634,0,1
2.41,2,0.5114,1,0
14.93,2,0.6963,1,0
2.91,2,0.2478,0,0
36.92,0,0.2551,0,0
20.23,0,0.7275,0,0
6.34,0,0.5952,0,0
11.42,0,0.7078,1,0
14.42,1,0.9704,0,0
16.19,0,0.6824,1,0
77.58,0,0.6451,1,0
0.75,1,0.9824,0,0
8.5,0,0.1105,1,0
15.7,1,0.0661,1,0
0.68,2,0.8503,0,0
2.66,1,0.8562,0,0
1.0,2,0.9912,1,0
27.52,0,0.745,1,0
3.79,1,0.0722,1,0
23.54,1,0.6118,1,0
3.5,0,0.5335,0,0
41.74,2,0.3407,1,0
0.63,2,0.494,0,0
2.85,1,0.56,1,0
22.55,1,0.682,1,0
5.14,0,0.38,1,0
4.77,0,0.0625,1,0
1.29,1,0.4239,0,0
2.07,1,0.2235,0,0
11.93,2,0.2212,1,0
10.39,2,0.2361,0,1
21.31,1,0.6505,1,0
5.74,0,0.2632,1,0
0.08,2,0.17,0,0
18.15,1,0.6266,1,0
6.96,1,0.7612,0,0
21.66,1,0.9823,0,1
15.71,1,0.8266,1,0
1.92,1,0.6517,0,0
0.11,1,0.0661,1,0
44.12,1,0.3427,1,0
46.0,0,0.8353,1,0
46.12,0,0.6589,1,0
1.74,1,0.0433,1,0
2.04,2,0.2522,0,0
6.12,0,0.025,1,0
10.83,2,0.2233,1,0
5.55,1,0.7627,1,0
16.82,1,0.269,0,0
6.27,1,0.0699,1,0
6.33,0,0.7199,0,0
0.73,1,0.0197,0,0
10.32,1,0.8912,1,0
9.18,0,0.1946,1,0
10.6,2,0.9863,1,0
44.75,0,0.9334,1,0
3.11,1,0.4651,0,0
29.64,1,0.0191,0,1
13.29,2,0.8406,1,0
4.0,1,0.5961,0,0
3.95,2,0.2008,0,0
28.05,1,0.8681,1,0
8.83,0,0.2623,0,0
24.53,2,0.8514,1,0
12.06,0,0.2403,0,0
33.12,0,0.3672,1,0
6.17,0,0.4479,0,0
1.75,1,0.2674,0,0
1.37,2,0.5155,0,0
8.43,0,0.1748,1,0
37.32,0,0.138,1,0
35.82,2,0.5503,1,0
49.52,2,0.1209,1,0
3.55,1,0.6782,1,0
11.41,0,0.6999,0,0
29.52,0,0.2171,1,0
22.25,0,0.6687,1,0
15.0,1,0.9196,0,0
56.23,0,0.3799,1,0
2.54,2,0.7594,0,0
9.88,2,0.7447,0,0
5.02,2,0.9169,0,0
6.95,1,0.0302,0,0
8.07,0,0.5135,0,0
76.39,1,0.3972,1,0
1.63,0,0.7217,1,0
51.96,1,0.88,0,1
33.65,0,0.7063,1,0
0.62,2,0.3556,0,0
2.14,2,0.4277,0,0
0.72,0,0.3936,0,0
11.02,1,0.8118,1,0
1.66,2,0.6139,1,0
5.0,2,0.8442,0,0
4.21,1,0.0106,0,0
19.38,0,0.6076,1,0
4.94,1,0.9048,1,0
4.83,0,0.6706,0,0
77.86,1,0.2624,1,0
25.65,0,0.4242,1,0
1.41,0,0.7566,1,0
6.27,0,0.7115,0,0
1.42,0,0.9128,1,0
109.39,1,0.8773,1,0
2.32,0,0.7049,0,0
3.85,2,0.6943,1,0
1.96,0,0.0021,0,0
0.16,0,0.2123,1,0
6.83,0,0.5192,0,0
8.59,2,0.8548,1,0
2.14,1,0.4503,1,0
33.73,0,0.2288,1,0
2.01,0,0.8168,0,0
12.02,0,0.2197,0,0
13.48,0,0.6308,1,0
7.86,1,0.8573,0,0
22.95,2,0.9971,1,0
4.34,2,0.6095,0,0
11.55,0,0.4593,1,0
19.88,2,0.8102,1,0
76.45,0,0.8605,1,0
45.7,2,0.8993,1,0
2.81,2,0.2721,0,0
6.37,0,0.4228,0,0
1.04,1,0.0935,0,0
3.67,0,0.3241,1,0
42.91,2,0.6267,1,0
1.44,2,0.9537,1,0
3.97,1,0.9496,0,0
1.51,2,0.1849,1,0
11.95,0,0.4113,1,0
40.89,1,0.2194,1,0
2.16,1,0.2474,0,0
10.76,2,0.467,1,0
0.38,1,0.044,0,0
22.47,2,0.7813,1,0
0.33,0,0.6426,1,0
1.02,0,0.9978,0,0
5.42,2,0.4923,1,0
3.65,1,0.2176,0,0
15.48,0,0.4472,0,0
1.91,2,0.0329,0,0
8.74,1,0.0274,1,0
5.81,2,0.7069,0,0
9.19,2,0.5168,0,0
0.26,2,0.0859,0,0
3.15,1,0.3137,1,0
22.05,2,0.8449,1,0
0.78,2,0.4057,0,0
9.07,1,0.9657,0,0
5.6,1,0.8849,0,0
13.81,1,0.1905,0,0
12.67,1,0.8784,1,0
11.63,2,0.1239,1,0
1.03,2,0.1113,0,0
8.13,2,0.3097,0,0
5.6,1,0.1111,0,0
49.27,2,0.7104,1,0
10.2,1,0.5526,1,0
2.87,0,0.2118,0,0
5.15,0,0.5308,0,0
1.77,2,0.8342,0,0
4.3,0,0.2735,0,0
71.0,0,0.4399,1,0
10.62,1,0.9806,1,0
15.46,2,0.5504,1,0
25.92,0,0.0905,1,0
6.78,2,0.0578,1,0
15.6,0,0.9362,1,0
1.13,2,0.9119,0,0
15.93,0,0.4214,1,0
3.14,2,0.2135,0,0
14.85,0,0.828,0,0
0.06,2,0.0548,0,0
50.8,1,0.0738,1,0
0.66,2,0.1982,0,0
39.6,0,0.018,1,0
2.91,1,0.2356,1,0
13.94,1,0.6293,1,0
9.23,0,0.4634,0,0
26.87,0,0.8401,1,0
56.39,2,0.4897,1,0
0.47,1,0.726,0,0
0.42,2,0.8732,0,0
22.72,1,0.938,1,0
5.95,2,0.7569,0,0
1.1,2,0.863,0,0
4.66,2,0.068,0,0
0.21,1,0.8152,1,0
10.18,0,0.6225,0,0
22.17,0,0.8207,0,0
0.2,1,0.7792,1,0
14.67,0,0.5873,0,0
1.97,0,0.5149,0,0
6.44,1,0.2686,0,0
22.32,0,0.1032,0,0
5.74,0,0.7129,0,0
81.97,1,0.3396,1,0
14.27,0,0.6607,0,0
0.69,1,0.4462,0,0
0.85,1,0.5318,0,0
10.69,1,0.6231,0,0
6.9,0,0.2607,1,0
14.06,1,0.4414,1,0
26.31,0,0.7097,1,0
5.63,1,0.5819,1,0
57.71,1,0.9467,1,0
22.81,1,0.1047,1,0
18.64,0,0.2943,1,0
3.22,2,0.2036,0,0
3.29,1,0.4243,0,0
31.54,2,0.3188,1,0
4.95,2,0.5597,1,0
1.68,0,0.6109,0,0
9.7,2,0.6229,0,0
9.96,0,0.5592,0,0
2.42,2,0.2738,0,0
4.05,2,0.0513,1,0
43.18,0,0.6951,0,0
15.93,0,0.8633,0,0
3.33,2,0.9158,0,0
7.49,0,0.075,1,0
6.71,2,0.8966,1,0
0.55,1,0.0515,1,0
10.41,2,0.6807,1,0
1.34,1,0.7676,0,0
37.15,0,0.6709,1,0
2.26,0,0.3978,1,0
1.87,1,0.0514,0,0
17.71,0,0.8251,0,0
51.88,1,0.9789,1,0
27.79,2,0.675,1,0
29.15,0,0.6012,1,0
0.78,2,0.2387,0,0
4.69,2,0.7699,0,0
0.21,2,0.8142,0,0
21.06,1,0.6518,1,0
0.08,1,0.825,0,0
1.52,2,0.5203,0,0
0.53,0,0.5366,0,0
3.91,2,0.6776,1,0
4.68,1,0.5329,1,0
3.9,1,0.9914,1,0
4.46,0,0.4769,1,0
6.41,2,0.3643,0,0
25.34,2,0.0667,1,0
0.47,1,0.8146,0,0
0.34,0,0.8929,1,0
2.91,2,0.1216,0,0
0.73,2,0.887,0,0
4.56,0,0.6536,1,0
0.12,2,0.9152,0,0
3.68,0,0.3267,0,0
0.97,1,0.1114,0,0
3.34,0,0.7048,1,0
4.73,1,0.0103,0,0
35.28,0,0.4413,1,0
6.76,1,0.8141,0,0
14.07,1,0.9246,1,0
53.28,1,0.4032,1,0
9.7,2,0.5954,1,0
0.17,2,0.5967,0,0
53.37,0,0.3779,0,1
10.47,1,0.1728,1,0
32.81,0,0.1202,1,0
19.12,1,0.3899,0,0
9.05,1,0.4705,0,0
11.76,2,0.2763,1,0
5.65,2,0.0883,0,0
0.43,2,0.7843,0,0
21.91,0,0.7806,0,0
1.43,2,0.7184,1,0
4.54,1,0.7664,0,0
17.95,0,0.99,1,0
12.11,1,0.8461,1,0
24.05,1,0.2725,0,1
11.98,2,0.6071,1,0
12.45,1,0.4002,1,0
3.96,0,0.3441,1,0
41.97,1,0.6915,1,0
7.6,2,0.9105,0,0
16.57,1,0.4793,0,0
37.95,1,0.1076,0,1
7.99,2,0.4907,0,0
5.84,0,0.5589,1,0
41.37,0,0.3525,1,0
11.63,0,0.7572,0,0
19.57,1,0.4847,1,0
1.69,0,0.9102,1,0
6.1,0,0.185,0,0
2.14,0,0.0539,0,0
12.25,0,0.3833,1,0
66.79,0,0.434,1,0
0.39,2,0.5418,0,0
0.86,0,0.5933,0,0
1.89,0,0.8788,0,0
4.69,1,0.6304,0,0
2.67,1,0.3489,0,0
4.31,2,0.9862,0,0
1.41,1,0.9155,1,0
2.53,0,0.9148,0,0
1.55,0,0.5701,0,0
1.3,0,0.0459,1,0
0.63,0,0.0163,0,0
0.61,2,0.4385,1,0
12.35,0,0.3685,1,0
15.37,2,0.621,1,0
4.73,1,0.2435,1,0
25.38,1,0.2037,1,0
8.84,1,0.33,1,0
33.48,2,0.2065,1,0
11.63,0,0.2752,1,0
2.33,0,0.3211,1,0
7.32,0,0.7526,0,0
3.33,1,0.206,0,0
0.82,2,0.4212,0,0
8.8,2,0.0554,1,0
1.32,0,0.27,0,0
7.24,0,0.3733,1,0
53.26,0,0.9729,1,0
5.91,0,0.3782,1,0
7.97,0,0.8062,0,0
19.26,1,0.8619,0,0
7.08,0,0.2688,1,0
0.66,2,0.9125,0,0
19.79,1,0.8227,1,0
0.95,1,0.7656,0,0
20.62,0,0.0428,1,0
24.36,1,0.165,1,0
20.97,1,0.042,1,0
24.03,0,0.6187,0,0
13.64,0,0.2112,1,0
9.02,0,0.0114,1,0
0.3,2,0.178,0,0
11.87,0,0.9613,1,0
33.22,2,0.7614,1,0
20.07,2,0.0012,1,0
6.71,1,0.1805,0,0
9.5,0,0.7556,1,0
8.81,2,0.6282,1,0
0.03,2,0.0711,0,0
10.26,2,0.4261,1,0
8.45,2,0.1783,0,0
4.28,0,0.8928,0,0
1.27,1,0.8603,1,0
11.97,0,0.5807,1,0
0.86,2,0.8308,1,0
0.4,2,0.0321,1,0
11.84,0,0.3013,0,0
28.99,0,0.4683,0,0
18.2,2,0.3462,1,0
12.02,1,0.1984,1,0
47.1,1,0.0057,1,0
11.69,2,0.3873,1,0
76.27,0,0.2956,1,0
26.38,2,0.3067,1,0
23.0,1,0.132,1,0
3.05,0,0.9447,0,0
3.4,2,0.9768,0,0
7.73,1,0.097,1,0
1.4,0,0.884,0,0
3.41,0,0.0922,0,0
3.54,1,0.4852,0,0
5.52,1,0.1675,0,0
0.79,1,0.8438,0,0
35.41,0,0.3338,1,0
66.65,1,0.1351,1,0
83.56,0,0.5671,1,0
2.77,0,0.1745,0,0
2.99,2,0.2061,1,0
1.52,0,0.6261,0,0
45.57,0,0.7915,1,0
7.9,1,0.7558,1,0
1.66,0,0.5749,0,0
26.88,0,0.2326,1,0
14.15,1,0.6515,0,0
11.15,1,0.8724,1,0
1.19,0,0.1824,1,0
59.35,0,0.9068,1,0
55.86,0,0.6296,1,0
11.9,2,0.3631,1,0
6.56,0,0.9037,0,0
38.75,0,0.8337,1,0
15.25,2,0.5014,1,0
67.08,0,0.9679,1,0
2.53,2,0.0386,0,0
37.04,2,0.8875,1,0
2.04,0,0.513,1,0
9.52,1,0.5237,0,0
70.63,1,0.1817,1,0
25.79,1,0.5393,0,1
0.02,2,0.9464,0,0
20.49,0,0.6711,1,0
45.87,0,0.124,0,1
3.98,0,0.066,0,0
51.7,0,0.5359,1,0
6.36,0,0.0027,1,0
8.78,1,0.9331,1,0
15.82,0,0.2482,0,0
6.44,1,0.4879,0,0
49.57,1,0.6934,1,0
20.62,1,0.767,1,0
13.39,1,0.9091,0,0
0.23,0,0.1683,1,0
2.98,2,0.9429,1,0
1.3,2,0.0184,1,0
12.55,0,0.361,1,0
46.14,1,0.1372,1,0
7.88,0,0.1744,0,0
1.48,2,0.8959,0,0
4.88,0,0.0564,0,0
4.93,0,0.8314,0,0
26.93,0,0.2495,1,0
12.8,0,0.1373,0,0
6.84,0,0.2931,1,0
3.37,2,0.6032,0,0
7.6,1,0.5352,0,0
3.9,2,0.5303,0,0
2.4,1,0.9856,0,0
2.62,2,0.6186,0,0
3.13,1,0.8662,0,0
14.21,0,0.9085,0,0
28.59,1,0.411,1,0
35.14,0,0.1972,1,0
1.94,2,0.6577,0,0
25.02,1,0.1373,0,1
1.2,2,0.9125,0,0
7.95,2,0.2115,0,0
2.03,2,0.8612,0,0
7.19,0,0.7503,1,0
18.37,2,0.1611,1,0
6.52,1,0.6816,0,0
16.4,2,0.0133,0,1
0.24,1,0.3277,0,0
16.28,0,0.4017,0,0
19.86,2,0.2498,0,1
4.32,1,0.3321,0,0
0.51,0,0.7266,0,0
6.04,0,0.4209,0,0
14.59,1,0.3541,1,0
2.65,1,0.8302,0,0
3.1,1,0.9484,1,0
12.6,0,0.7887,0,0
31.8,0,0.0781,0,0
12.57,0,0.8813,1,0
6.98,0,0.9764,0,0
13.39,2,0.6882,1,0
2.82,1,0.1257,1,0
2.25,0,0.9325,0,0
2.66,2,0.4461,0,0
2.08,1,0.0892,0,0
13.36,1,0.0631,1,0
29.22,0,0.5422,0,0
2.97,1,0.8659,0,0
38.39,0,0.7667,0,0
3.23,1,0.1693,1,0
0.79,2,0.9676,0,0
48.15,1,0.3267,1,0
17.24,1,0.5593,0,0
7.67,1,0.8135,1,0
4.2,1,0.9798,0,0
39.48,1,0.1383,0,1
26.27,1,0.5698,1,0
16.02,1,0.9801,1,0
18.61,1,0.8821,1,0
11.63,0,0.1783,0,0
13.42,1,0.9629,1,0
2.21,2,0.6362,0,0
15.67,0,0.614,0,0
0.86,0,0.3614,1,0
4.05,2,0.3007,1,0
0.63,2,0.3309,0,0
4.33,2,0.5787,0,0
8.19,0,0.9011,1,0
3.8,0,0.9598,0,0
1.69,2,0.5265,0,0
3.56,1,0.4405,0,0
1.67,1,0.2834,0,0
10.03,0,0.292,0,0
18.7,0,0.4115,1,0
6.99,0,0.6488,1,0
46.65,2,0.1042,1,0
21.84,2,0.3967,0,1
77.36,0,0.9739,1,0
1.27,0,0.5032,0,0
17.4,1,0.5425,0,0
5.5,0,0.2894,0,0
2.72,2,0.4321,0,0
1.14,0,0.5893,1,0
2.25,1,0.951,0,0
19.2,2,0.3356,1,0
8.04,2,0.09,1,0
0.46,2,0.1273,0,0
8.94,2,0.3129,0,0
4.93,0,0.3354,0,0
68.14,1,0.042,1,0
0.64,1,0.0575,0,0
7.73,0,0.412,1,0
13.7,1,0.0878,1,0
4.31,2,0.4531,0,0
12.65,1,0.9264,0,0
3.17,1,0.6977,0,0
14.8,2,0.4159,1,0
23.57,1,0.2032,0,1
34.96,2,0.4223,1,0
12.82,0,0.1589,1,0
7.57,2,0.2636,1,0
2.91,0,0.6042,0,0
2.74,1,0.9503,1,0
6.59,1,0.6096,0,0
21.85,0,0.5045,0,0
38.95,2,0.9409,1,0
7.65,0,0.8839,0,0
2.07,1,0.9532,0,0
50.86,2,0.6945,1,0
2.21,0,0.9831,1,0
4.02,2,0.1956,0,0
0.84,1,0.0825,0,0
7.18,0,0.4025,1,0
5.08,2,0.8777,0,0
1.57,2,0.358,0,0
1.05,0,0.3551,0,0
1.7,0,0.4732,0,0
5.85,1,0.5503,1,0
6.31,1,0.2552,0,0
0.6,1,0.1833,0,0
73.7,2,0.4296,1,0
10.3,1,0.504,0,0
15.02,1,0.4809,0,0
11.58,0,0.2463,1,0
5.15,0,0.7852,0,0
11.07,2,0.3607,1,0
22.47,2,0.2429,1,0
8.76,2,0.3902,1,0
21.13,0,0.2102,1,0
7.57,0,0.9627,1,0
6.52,1,0.5389,0,0
0.06,2,0.6421,0,0
22.35,2,0.1192,1,0
0.83,2,0.6546,0,0
3.14,2,0.1819,0,0
18.03,1,0.1984,0,0
3.58,1,0.8253,0,0
1.9,0,0.5847,1,0
9.15,2,0.0323,0,0
1.0,2,0.5396,0,0
5.29,1,0.0943,1,0
19.51,1,0.2752,1,0
1.5,2,0.259,0,0
0.07,2,0.6729,0,0
14.62,1,0.0869,0,0
3.97,1,0.4674,1,0
31.32,0,0.6241,1,0
11.47,2,0.5167,0,1
58.97,1,0.4772,1,0
10.2,2,0.0633,0,1
0.44,2,0.0509,1,0
2.26,2,0.577,0,0
2.7,2,0.6638,1,0
23.06,1,0.2526,1,0
4.14,1,0.3433,0,0
3.03,1,0.4288,0,0
0.91,1,0.1629,0,0
18.67,0,0.9838,1,0
0.69,0,0.6148,1,0
2.02,1,0.884,0,0
11.73,2,0.6556,0,1
6.19,0,0.5003,1,0
14.65,0,0.2048,0,0
11.07,2,0.0847,1,0
1.27,0,0.0802,0,0
18.84,2,0.2767,1,0
79.67,1,0.2706,1,0
18.39,0,0.6456,1,0
12.06,1,0.1016,0,0
16.57,1,0.0866,1,0
1.71,2,0.7656,0,0
2.93,2,0.7271,1,0
27.24,1,0.5763,0,1
0.66,0,0.1879,0,0
4.92,0,0.1545,0,0
7.56,1,0.5105,0,0
18.32,2,0.1594,1,0
13.08,2,0.1525,1,0
3.16,1,0.3641,0,0
31.82,1,0.2341,1,0
9.23,0,0.3299,1,0
4.88,2,0.3262,0,0
8.38,0,0.7248,0,0
12.53,0,0.7361,0,0
4.87,1,0.2335,1,0
1.9,2,0.3617,1,0
1.03,1,0.7696,0,0
19.64,2,0.8346,1,0
3.98,0,0.9769,1,0
2.95,2,0.5511,1,0
0.82,2,0.3279,0,0
2.46,1,0.5574,1,0
2.87,0,0.596,1,0
3.74,1,0.4699,0,0
31.44,1,0.4592,1,0
9.75,1,0.6236,1,0
8.11,2,0.0125,0,0
17.49,1,0.2561,0,0
3.65,2,0.9015,0,0
3.59,2,0.1604,0,0
5.0,2,0.4554,0,0
0.63,0,0.6651,0,0
28.48,1,0.9073,1,0
6.74,0,0.9831,1,0
2.25,2,0.4481,0,0
0.33,0,0.4474,1,0
49.42,1,0.2227,1,0
1.27,1,0.2957,0,0
2.93,2,0.601,0,0
23.37,1,0.5863,0,1
1.68,0,0.4242,0,0
7.24,0,0.3745,0,0
18.06,1,0.0135,1,0
27.37,1,0.417,1,0
0.41,2,0.2524,0,0
1.33,0,0.0287,1,0
9.62,2,0.4576,1,0
12.92,1,0.1611,0,0
5.51,0,0.2958,0,0
2.45,0,0.9513,0,0
17.61,1,0.538,1,0
10.49,0,0.0461,1,0
15.89,1,0.0507,1,0
1.47,1,0.4046,0,0
25.09,0,0.7036,1,0
11.92,1,0.999,1,0
1.89,2,0.1472,0,0
22.46,0,0.1191,0,0
8.91,0,0.6121,1,0
6.53,0,0.2594,0,0
4.4,1,0.3206,0,0
11.52,1,0.8543,0,0
3.19,1,0.0628,0,0
2.39,1,0.2812,1,0
49.44,0,0.3039,1,0
36.52,0,0.7215,1,0
15.76,1,0.3293,1,0
1.48,1,0.2015,0,0
1.1,2,0.2391,0,0
7.18,0,0.2515,1,0
20.66,0,0.2009,0,0
2.48,1,0.557,0,0
19.65,0,0.8672,0,0
4.09,0,0.4386,1,0
11.41,0,0.8425,0,0
28.85,1,0.4127,1,0
15.36,0,0.4838,0,0
3.11,0,0.0294,1,0
0.13,2,0.5888,0,0
32.35,2,0.6935,1,0
8.33,1,0.4408,0,0
4.41,1,0.363,0,0
0.19,2,0.9477,0,0
3.0,0,0.206,0,0
21.96,1,0.8412,1,0
5.4,1,0.0158,0,0
127.43,0,0.1074,1,0
1.15,1,0.7323,0,0
1.85,2,0.875,1,0
7.59,1,0.2421,0,0
9.0,2,0.3606,0,0
8.49,1,0.4745,0,0
14.29,0,0.9448,0,0
22.88,0,0.9691,0,0
5.48,1,0.3765,0,0
2.16,2,0.2105,0,0
13.37,1,0.8441,0,0
30.19,0,0.8855,1,0
1.02,1,0.5312,0,0
6.36,1,0.2318,0,0
57.2,1,0.1653,1,0
1.12,2,0.1229,0,0
1.45,2,0.6818,0,0
1.83,2,0.8094,0,0
8.67,0,0.1283,0,0
0.69,0,0.7009,0,0
12.0,1,0.2263,1,0
15.82,1,0.1707,1,0
9.28,1,0.1634,1,0
22.76,0,0.1433,0,0
4.44,2,0.6438,0,0
59.73,1,0.3363,1,0
39.88,1,0.8387,1,0
47.84,1,0.1335,1,0
3.23,1,0.4051,0,0
4.34,0,0.9138,0,0
9.59,2,0.5136,0,0
9.42,0,0.8427,0,0
4.96,1,0.1128,1,0
13.37,0,0.7396,0,0
25.66,2,0.2384,1,0
11.64,2,0.0791,1,0
25.36,0,0.8516,1,0
0.67,2,0.5632,0,0
1.48,0,0.5761,0,0
1.51,1,0.3662,0,0
0.04,1,0.7811,0,0
0.06,2,0.8971,1,0
9.17,0,0.3187,0,0
23.26,1,0.917,0,1
32.04,1,0.2531,1,0
10.89,2,0.3236,1,0
24.02,1,0.409,0,1
9.02,0,0.4297,0,0
25.37,2,0.1529,1,0
31.15,1,0.6465,0,1
4.42,0,0.8455,1,0
2.36,2,0.1227,0,0
0.34,2,0.784,0,0
14.39,1,0.7902,0,0
0.98,0,0.3836,1,0
23.57,0,0.2863,1,0
26.01,2,0.0348,0,1
15.97,0,0.562,1,0
4.59,0,0.1309,1,0
4.16,0,0.5478,0,0
3.03,2,0.4464,0,0
3.08,2,0.927,0,0
4.5,0,0.4801,0,0
0.59,2,0.0285,0,0
5.16,1,0.1257,0,0
5.24,2,0.886,0,0
4.9,0,0.6915,0,0
0.96,1,0.3103,0,0
4.25,1,0.6471,0,0
8.6,2,0.9281,0,0
15.53,2,0.9325,0,1
31.41,0,0.2224,1,0
4.12,1,0.5438,0,0
6.44,1,0.8777,0,0
5.83,2,0.3065,1,0
2.52,2,0.3057,0,0
15.24,1,0.2646,0,0
24.61,0,0.4463,1,0
6.98,0,0.1885,0,0
7.35,0,0.0695,0,0
13.53,1,0.1942,0,0
8.61,2,0.1881,1,0
2.8,0,0.8465,0,0
0.01,2,0.5651,0,0
9.77,2,0.3283,1,0
1.39,1,0.948,0,0
2.16,0,0.0683,0,0
14.89,0,0.9804,0,0
9.11,1,0.6262,1,0
11.53,0,0.7128,1,0
1.92,2,0.1444,0,0
18.12,1,0.0804,0,0
0.94,1,0.54,0,0
3.97,1,0.646,1,0
3.56,0,0.1631,1,0
16.28,1,0.3367,1,0
2.36,0,0.314,0,0
17.27,2,0.8838,1,0
17.82,1,0.4109,1,0
2.12,2,0.8391,0,0
4.28,0,0.314,0,0
14.75,1,0.4561,1,0
11.71,2,0.3966,1,0
0.64,2,0.0127,0,0
51.79,2,0.3813,1,0
8.9,2,0.6857,1,0
10.27,1,0.6981,1,0
25.43,1,0.8436,0,1
24.59,1,0.067,0,1
1.62,0,0.9693,0,0
5.1,1,0.8503,0,0
17.96,2,0.8849,1,0
9.98,2,0.3984,1,0
22.93,0,0.405,1,0
14.27,1,0.7424,1,0
43.04,2,0.9144,1,0
0.08,2,0.0195,1,0
43.42,2,0.3329,1,0
10.34,0,0.7439,0,0
46.74,1,0.9006,1,0
5.55,1,0.4818,0,0
9.15,1,0.4839,0,0
84.04,0,0.3145,1,0
11.29,0,0.3621,1,0
2.76,0,0.8867,1,0
9.83,0,0.981,1,0
7.46,1,0.0901,1,0
48.8,1,0.7456,1,0
0.26,2,0.1159,0,0
5.36,1,0.2369,0,0
11.04,1,0.8378,0,0
2.91,0,0.7861,1,0
5.84,1,0.6284,0,0
4.27,1,0.8086,1,0
6.75,2,0.7413,0,0
0.35,1,0.0569,0,0
4.53,1,0.2735,0,0
6.16,0,0.1704,0,0
4.72,0,0.2066,0,0
10.05,1,0.8715,1,0
10.05,0,0.2692,0,0
1.68,2,0.5703,0,0
1.99,1,0.8595,1,0
4.09,1,0.0341,0,0
1.14,0,0.254,1,0
4.09,2,0.1677,0,0
3.94,2,0.9451,0,0
7.0,0,0.3725,1,0
22.0,1,0.1846,0,1
11.92,0,0.2853,0,0
22.1,0,0.2643,1,0
11.45,1,0.1662,1,0
3.64,2,0.8103,0,0
13.1,2,0.2356,1,0
5.51,1,0.9129,0,0
5.85,2,0.5282,0,0
51.84,0,0.3359,1,0
6.51,0,0.8202,0,0
4.81,0,0.4278,1,0
5.27,1,0.626,1,0
3.1,2,0.9709,0,0
15.69,0,0.2397,0,0
17.01,1,0.4027,1,0
1.09,1,0.0271,0,0
7.76,0,0.3239,0,0
0.84,2,0.5489,0,0
1.08,2,0.837,0,0
2.55,1,0.8172,0,0
3.55,2,0.9432,0,0
8.17,1,0.3068,1,0
25.0,1,0.3392,0,1
14.07,1,0.1748,1,0
0.48,1,0.2993,0,0
8.89,1,0.7265,1,0
3.97,1,0.3948,1,0
5.69,2,0.4402,0,0
12.84,2,0.6158,0,1
4.04,1,0.7398,1,0
1.71,2,0.7487,0,0
49.79,0,0.2234,1,0
4.87,0,0.7908,0,0
1.6,2,0.865,0,0
13.37,0,0.254,1,0
8.15,1,0.4414,0,0
35.94,1,0.7057,1,0
10.81,0,0.7635,0,0
6.66,0,0.4128,0,0
25.33,1,0.0164,1,0
41.15,0,0.3319,1,0
11.35,0,0.6368,0,0
15.08,1,0.4576,1,0
32.78,1,0.3724,1,0
20.94,2,0.9082,0,1
19.57,0,0.6104,1,0
6.37,2,0.4331,1,0
12.11,1,0.8587,1,0
1.04,1,0.0923,1,0
1.78,2,0.7354,0,0
26.54,1,0.0792,1,0
20.1,2,0.4185,1,0
46.97,0,0.2344,1,0
3.49,2,0.8585,0,0
12.52,2,0.2963,1,0
10.38,1,0.4482,0,0
55.33,0,0.6708,1,0
17.72,0,0.0088,0,0
7.92,1,0.5634,1,0
23.83,1,0.297,1,0
9.26,1,0.6945,0,0
3.24,2,0.7701,0,0
13.39,1,0.4312,0,0
0.03,1,0.9503,0,0
3.12,0,0.3416,0,0
3.76,1,0.0214,0,0
6.35,0,0.6725,0,0
21.76,2,0.4425,1,0
5.25,2,0.2283,0,0
0.37,2,0.3135,0,0
14.38,1,0.7042,1,0
89.83,2,0.2413,1,0
4.11,1,0.6649,0,0
13.48,2,0.2266,1,0
12.9,2,0.9395,1,0
9.31,1,0.1246,0,0
15.56,0,0.017,1,0
2.08,1,0.9546,0,0
1.5,2,0.768,0,0
23.18,1,0.52,0,1
11.24,1,0.06,1,0
8.72,1,0.5432,1,0
15.72,2,0.9786,1,0
2.38,2,0.3076,1,0
40.06,1,0.6405,0,1
21.01,0,0.914,1,0
2.41,0,0.1962,0,0
20.45,0,0.7576,1,0
14.2,0,0.8428,0,0
22.41,2,0.2921,1,0
2.28,2,0.9179,1,0
0.02,2,0.0602,0,0
1.97,2,0.809,0,0
7.03,1,0.4096,0,0
2.27,1,0.4877,1,0
5.64,0,0.9931,1,0
4.02,2,0.0995,1,0
3.71,2,0.9721,1,0
17.44,1,0.6126,1,0
2.79,0,0.6346,1,0
5.59,2,0.7095,0,0
6.81,0,0.7375,1,0
10.41,1,0.0328,0,0
18.13,0,0.8358,0,0
4.49,2,0.3789,0,0
2.28,1,0.9095,1,0
1.07,0,0.663,0,0
17.06,0,0.0986,1,0
5.38,0,0.6455,0,0
2.22,0,0.7373,1,0
55.48,1,0.6238,1,0
7.4,1,0.0852,0,0
19.59,1,0.9761,1,0
31.85,2,0.8715,1,0
5.57,2,0.8147,1,0
11.94,1,0.4074,0,0
10.22,0,0.5643,1,0
7.97,0,0.1025,1,0
0.43,2,0.7551,1,0
34.8,1,0.1263,1,0
37.16,2,0.0752,1,0
15.63,1,0.9788,0,0
25.7,1,0.6433,0,1
1.06,1,0.7048,0,0
7.41,2,0.3322,0,0
46.56,0,0.235,1,0
7.98,2,0.6912,0,0
12.45,2,0.8606,1,0
39.02,0,0.1724,1,0
57.57,1,0.1362,1,0
0.5,1,0.4856,1,0
54.71,2,0.5139,1,0
12.63,1,0.6797,0,0
25.57,1,0.6243,1,0
31.61,0,0.1667,1,0
1.67,2,0.0108,0,0
14.45,1,0.7711,0,0
7.99,0,0.7907,0,0
65.13,2,0.6531,1,0
1.42,2,0.9959,0,0
3.09,0,0.8231,0,0
0.85,2,0.5131,0,0
0.26,2,0.3539,0,0
9.83,0,0.451,1,0
1.16,1,0.4101,1,0
0.12,2,0.4092,1,0
4.31,2,0.0439,0,0
4.09,0,0.2136,0,0
4.47,0,0.0215,0,0
4.69,2,0.165,0,0
11.57,2,0.8306,1,0
23.0,2,0.7905,1,0
6.0,0,0.3786,1,0
43.17,1,0.7387,1,0
0.23,2,0.8337,0,0
24.68,0,0.591,0,0
12.31,0,0.6716,0,0
6.15,2,0.3323,0,0
0.15,1,0.8483,0,0
0.46,1,0.3296,0,0
17.39,0,0.9663,1,0
11.71,1,0.8332,0,0
1.59,2,0.69,0,0
19.41,0,0.9309,0,0
3.17,2,0.4258,1,0
0.42,1,0.1709,0,0
4.33,2,0.4008,0,0
18.57,0,0.9617,0,0
39.38,2,0.2441,1,0
1.85,2,0.528,1,0
4.99,1,0.4195,0,0
76.8,1,0.4658,1,0
14.17,0,0.6211,1,0
2.83,1,0.9226,0,0
31.9,0,0.618,0,0
2.99,2,0.7309,1,0
22.21,0,0.0614,0,0
0.34,2,0.7984,0,0
1.47,1,0.9992,0,0
28.3,2,0.0615,1,0
3.55,2,0.6879,0,0
0.67,0,0.0079,0,0
5.75,0,0.7544,0,0
31.44,1,0.6325,1,0
20.55,1,0.2236,0,1
17.83,1,0.4378,1,0
3.11,2,0.2777,1,0
10.27,1,0.9627,1,0
1.59,1,0.3192,0,0
12.8,0,0.3071,1,0
6.5,0,0.9599,0,0
26.37,2,0.5993,1,0
3.77,1,0.0876,0,0
31.36,0,0.9093,1,0
7.45,2,0.0491,1,0
20.89,0,0.6159,1,0
11.12,1,0.6199,0,0
19.68,0,0.0947,1,0
8.45,1,0.6284,1,0
6.07,1,0.1021,1,0
22.73,0,0.5888,1,0
6.73,0,0.6474,1,0
3.81,0,0.8106,0,0
2.25,2,0.5215,0,0
12.29,0,0.0628,0,0
2.33,1,0.7303,1,0
25.15,2,0.6676,1,0
3.19,0,0.177,0,0
22.07,0,0.2853,0,0
18.29,0,0.4928,1,0
17.43,1,0.9519,1,0
10.66,1,0.6937,1,0
8.36,1,0.8736,1,0
37.28,1,0.2469,0,1
15.19,1,0.442,1,0
6.67,1,0.9753,0,0
28.78,2,0.6322,1,0
20.78,1,0.887,1,0
29.08,0,0.5068,0,0
7.69,2,0.8021,1,0
0.03,1,0.0683,1,0
22.63,1,0.4359,0,1
3.28,2,0.997,1,0
19.77,2,0.5092,1,0
0.09,1,0.7727,0,0
8.45,0,0.3328,0,0
8.85,2,0.4191,0,0
72.85,2,0.7346,1,0
3.88,2,0.6691,1,0
17.16,2,0.4385,1,0
11.0,2,0.2292,0,1
2.85,2,0.5432,0,0
10.03,2,0.2758,0,1
12.09,1,0.0648,1,0
7.91,0,0.1347,1,0
7.96,2,0.5426,0,0
1.33,2,0.1394,0,0
10.79,0,0.0694,1,0
15.61,1,0.7665,1,0
2.22,2,0.4318,0,0
1.67,1,0.1519,1,0
8.47,0,0.8806,1,0
13.9,0,0.066,1,0
31.03,0,0.9406,1,0
58.06,2,0.3827,1,0
0.32,2,0.2063,0,0
35.45,1,0.5578,1,0
3.94,1,0.8045,0,0
7.13,2,0.115,1,0
6.83,2,0.3338,0,0
0.98,2,0.449,0,0
14.56,1,0.0986,1,0
22.98,1,0.1906,1,0
2.55,2,0.5237,0,0
12.8,2,0.4171,0,1
10.06,2,0.8486,1,0
101.95,1,0.1404,1,0
20.65,1,0.7917,1,0
3.15,2,0.9576,1,0
54.26,1,0.0045,1,0
0.31,1,0.6678,0,0
1.57,2,0.8668,0,0
6.55,0,0.4713,1,0
47.22,1,0.1554,1,0
16.55,0,0.9407,1,0
2.14,0,0.5006,0,0
1.9,0,0.3175,0,0
0.23,0,0.7507,0,0
31.6,2,0.3672,1,0
16.1,2,0.479,1,0
37.03,1,0.8985,1,0
38.31,2,0.8641,1,0
2.43,2,0.4866,0,0
30.99,0,0.6462,1,0
27.57,0,0.1285,0,0
0.24,0,0.0737,1,0
0.56,0,0.3395,0,0
0.2,2,0.2039,0,0
2.17,2,0.0256,0,0
5.52,0,0.6614,1,0
1.12,2,0.1875,0,0
11.74,0,0.9472,0,0
53.78,2,0.6133,1,0
16.61,0,0.2415,1,0
24.18,2,0.278,1,0
3.11,1,0.5474,0,0
0.86,2,0.1198,0,0
5.98,2,0.1424,0,0
1.25,1,0.5655,0,0
1.56,0,0.5921,1,0
7.67,2,0.2897,1,0
2.09,2,0.4897,0,0
2.23,1,0.1576,0,0
1.8,0,0.4103,0,0
1.87,2,0.4073,0,0
15.61,1,0.3686,1,0
11.3,2,0.2652,1,0
2.74,0,0.4114,1,0
4.56,0,0.5416,0,0
3.13,0,0.8679,0,0
54.64,1,0.8541,1,0
2.83,1,0.1561,0,0
4.24,2,0.9067,0,0
4.9,2,0.1056,0,0
50.13,0,0.0024,1,0
1.51,1,0.2936,0,0
21.87,1,0.4569,1,0
15.51,1,0.375,0,0
9.65,0,0.9069,1,0
4.15,1,0.4031,0,0
36.1,0,0.3713,1,0
32.22,2,0.5639,1,0
0.41,0,0.7354,0,0
8.41,0,0.2469,1,0
5.75,0,0.9074,1,0
1.25,2,0.4147,0,0
15.99,1,0.9168,0,0
0.15,1,0.9201,0,0
15.22,2,0.0257,1,0
13.95,1,0.4349,0,0
2.23,0,0.0181,0,0
2.31,1,0.1285,1,0
2.25,2,0.9778,0,0
8.52,0,0.6585,0,0
97.05,0,0.996,1,0
14.35,1,0.9983,1,0
6.7,0,0.8506,0,0
14.27,0,0.3652,1,0
19.48,1,0.2398,0,0
16.5,1,0.8565,0,0
6.85,0,0.8058,1,0
22.52,0,0.4898,1,0
22.33,2,0.0711,1,0
12.01,0,0.8304,1,0
8.82,0,0.4024,0,0
6.46,0,0.7991,0,0
16.47,2,0.853,1,0
30.47,0,0.9733,1,0
36.13,2,0.7261,1,0
2.37,0,0.0598,0,0
17.94,2,0.1816,1,0
22.52,1,0.7552,0,1
13.21,2,0.0389,1,0
2.74,0,0.8658,0,0
29.03,1,0.9192,0,1
10.48,0,0.5206,1,0
0.29,1,0.6599,1,0
0.5,2,0.0026,0,0
4.45,0,0.3848,0,0
22.33,1,0.4087,1,0
33.39,0,0.9169,1,0
7.87,1,0.5908,0,0
75.21,0,0.1879,1,0
12.92,2,0.0371,1,0
31.17,1,0.2028,1,0
0.4,2,0.4327,0,0
5.71,1,0.8839,0,0
8.16,1,0.8912,1,0
1.36,1,0.5252,0,0
12.47,2,0.1648,1,0
0.76,1,0.2711,0,0
33.06,1,0.5991,1,0
11.93,1,0.3086,0,0
13.45,0,0.7576,1,0
5.91,1,0.914,0,0
1.13,1,0.6489,0,0
26.49,2,0.7121,1,0
5.16,2,0.4869,1,0
0.17,1,0.3524,0,0
8.64,1,0.3656,0,0
9.04,2,0.1736,1,0
51.38,1,0.6628,1,0
5.18,0,0.8383,0,0
8.64,2,0.6843,0,0
2.91,0,0.471,1,0
5.13,2,0.5891,1,0
0.34,1,0.9789,0,0
16.48,1,0.1316,1,0
43.39,0,0.7621,1,0
6.72,0,0.3127,0,0
7.74,1,0.4434,0,0
42.13,2,0.675,1,0
13.97,0,0.2329,0,0
12.74,2,0.1507,0,1
5.65,2,0.1386,1,0
11.97,2,0.4724,1,0
54.78,0,0.669,1,0
5.78,2,0.4601,1,0
0.57,0,0.0205,0,0
29.77,0,0.6923,0,0
15.73,0,0.3072,0,0
9.59,0,0.3486,0,0
2.02,0,0.5382,1,0
5.6,0,0.399,0,0
12.46,0,0.8901,1,0
1.81,1,0.2347,0,0
6.69,0,0.1989,0,0
17.11,0,0.411,0,0
18.04,1,0.5408,1,0
5.43,2,0.3103,0,0
17.61,0,0.9549,1,0
1.16,1,0.6401,0,0
17.65,0,0.8493,1,0
4.03,0,0.4237,0,0
29.36,0,0.7106,1,0
0.32,1,0.5979,0,0
0.93,0,0.9383,1,0
16.31,2,0.718,1,0
12.48,1,0.0021,0,0
10.97,0,0.3864,0,0
1.7,2,0.7067,0,0
0.87,1,0.484,0,0
10.22,1,0.67,1,0
0.4,0,0.5043,0,0
8.93,2,0.4696,0,0
1.96,2,0.1863,0,0
11.32,0,0.7163,1,0
9.21,2,0.0086,1,0
8.14,0,0.2562,0,0
0.41,0,0.3398,0,0
8.33,2,0.9568,1,0
3.79,2,0.4503,0,0
17.83,0,0.6968,1,0
4.44,2,0.655,1,0
0.88,2,0.9222,1,0
0.04,1,0.0504,0,0
89.92,0,0.5995,1,0
22.51,1,0.3539,1,0
7.1,2,0.3599,0,0
42.84,0,0.761,1,0
19.23,0,0.281,1,0
7.65,2,0.4393,1,0
15.22,2,0.5128,1,0
3.29,1,0.2153,0,0
53.48,1,0.6692,1,0
10.15,1,0.3337,0,0
12.04,0,0.4205,1,0
14.32,0,0.9491,0,0
4.79,0,0.3212,1,0
2.22,1,0.9121,1,0
47.11,0,0.5874,1,0
22.73,2,0.4268,1,0
17.51,1,0.4439,0,0
18.72,0,0.4839,0,0
8.56,1,0.481,0,0
1.5,1,0.6421,0,0
26.35,2,0.5717,1,0
11.37,0,0.9261,1,0
19.55,1,0.2422,0,0
14.76,2,0.7941,1,0
28.37,2,0.8975,1,0
6.81,0,0.837,1,0
2.69,0,0.9299,1,0
24.2,1,0.2985,1,0
35.36,1,0.9736,1,0
31.13,1,0.8484,1,0
1.11,1,0.2435,1,0
26.3,2,0.7603,1,0
36.01,1,0.6579,1,0
2.4,2,0.6586,1,0
38.51,2,0.6286,1,0
0.86,1,0.1268,0,0
0.21,2,0.7942,0,0
5.55,1,0.3557,1,0
14.07,1,0.1576,0,0
65.52,2,0.3495,1,0
40.31,2,0.2952,1,0
6.44,0,0.3029,1,0
61.88,1,0.1226,1,0
17.82,2,0.4469,1,0
3.66,1,0.5626,0,0
0.85,1,0.8948,0,0
23.32,0,0.0787,1,0
15.86,1,0.5269,0,0
3.92,2,0.0992,1,0
0.1,1,0.7168,0,0
85.68,2,0.8418,1,0
6.1,0,0.2132,0,0
0.22,2,0.2452,1,0
20.05,1,0.675,0,1
7.14,2,0.9176,0,0
5.55,0,0.3946,1,0
5.39,2,0.8247,0,0
29.56,0,0.4353,0,0
14.97,1,0.105,1,0
8.54,1,0.0139,0,0
8.46,2,0.1015,1,0
8.08,0,0.2118,0,0
12.92,1,0.6882,0,0
30.07,2,0.8153,1,0
9.72,1,0.14,0,0
14.27,1,0.7812,1,0
1.57,1,0.8791,0,0
0.79,2,0.709,0,0
14.51,0,0.5549,1,0
23.58,1,0.9086,0,1
12.69,0,0.766,1,0
18.78,1,0.6142,1,0
37.37,2,0.2066,1,0
14.31,0,0.2209,1,0
4.96,2,0.4328,0,0
0.69,2,0.803,0,0
1.17,0,0.7458,0,0
28.22,0,0.8168,1,0
3.72,0,0.2064,0,0
11.89,1,0.6538,1,0
24.39,2,0.326,1,0
14.12,1,0.4142,0,0
6.96,1,0.6484,0,0
7.46,1,0.8578,0,0
17.93,2,0.3445,1,0
8.39,0,0.8199,1,0
5.22,1,0.6148,0,0
8.98,1,0.3825,0,0
58.72,2,0.1811,1,0
7.98,2,0.9138,0,0
1.7,2,0.1614,0,0
6.63,0,0.3593,1,0
34.55,1,0.2062,1,0
2.17,1,0.91,1,0
27.66,1,0.2521,0,1
6.25,1,0.1769,0,0
3.91,1,0.7164,0,0
13.18,1,0.2753,0,0
10.44,2,0.3535,0,1
10.63,1,0.6867,0,0
46.66,0,0.1197,0,1
3.02,2,0.2763,0,0
3.82,0,0.211,0,0
95.58,0,0.1158,1,0
8.66,2,0.5655,0,0
14.18,2,0.5075,1,0
11.69,0,0.9926,0,0
27.09,0,0.5825,1,0
13.48,2,0.155,0,1
8.6,2,0.6412,1,0
38.65,2,0.8378,1,0
1.05,0,0.8372,0,0
44.47,1,0.0011,1,0
30.03,0,0.026,1,0
23.7,2,0.121,1,0
47.75,0,0.4626,1,0
5.49,2,0.1763,0,0
9.51,1,0.8176,0,0
34.29,0,0.4081,1,0
20.66,2,0.3947,1,0
24.96,0,0.1364,1,0
26.5,0,0.2081,1,0
12.07,1,0.7716,0,0
2.6,0,0.7685,0,0
4.34,0,0.7536,1,0
14.24,1,0.5939,1,0
16.11,0,0.46,0,0
14.34,0,0.897,0,0
1.06,1,0.995,0,0
12.1,1,0.2073,0,0
58.24,2,0.239,1,0
8.65,2,0.8373,0,0
6.4,1,0.9136,1,0
3.94,0,0.4853,1,0
7.89,1,0.6945,0,0
7.64,1,0.8625,1,0
2.54,1,0.9134,0,0
0.09,2,0.5986,1,0
2.61,0,0.0898,0,0
43.75,2,0.6606,1,0
4.58,1,0.0315,0,0
4.95,2,0.3052,0,0
51.98,0,0.6877,0,1
2.17,1,0.9842,1,0
15.85,1,0.7677,1,0
0.7,2,0.5124,1,0
16.06,0,0.3128,0,0
0.36,0,0.6832,1,0
17.04,1,0.5547,0,0
0.96,1,0.2182,0,0
4.49,0,0.7176,1,0
7.15,2,0.044,1,0
4.95,0,0.8044,0,0
26.49,2,0.9513,1,0
3.7,1,0.4094,0,0
9.76,2,0.0386,0,0
12.66,1,0.9314,1,0
12.39,1,0.8289,0,0
4.41,2,0.9519,0,0
0.06,0,0.4504,0,0
8.06,1,0.5231,0,0
3.46,0,0.6495,0,0
40.52,1,0.6133,1,0
140.38,1,0.4607,1,0
0.65,2,0.7451,1,0
29.37,1,0.3628,1,0
5.32,0,0.7352,1,0
4.48,2,0.2193,1,0
3.18,1,0.9885,1,0
10.01,2,0.3844,1,0
3.8,1,0.6913,0,0
16.94,0,0.277,1,0
12.53,1,0.1054,1,0
9.81,0,0.9723,1,0
12.78,1,0.2016,1,0
13.5,1,0.4713,0,0
7.87,0,0.1956,0,0
6.81,1,0.2903,0,0
8.91,2,0.727,1,0
92.44,1,0.2195,1,0
11.43,1,0.5585,1,0
0.13,2,0.5573,0,0
35.22,0,0.3488,1,0
2.37,0,0.6185,1,0
24.05,1,0.3544,1,0
36.38,2,0.5025,1,0
9.36,1,0.8161,0,0
15.34,1,0.8119,1,0
2.96,0,0.5622,1,0
20.67,1,0.8508,1,0
52.16,0,0.0351,1,0
45.23,2,0.5028,1,0
0.78,2,0.3652,0,0
23.11,1,0.9175,1,0
4.1,0,0.7685,0,0
4.06,2,0.8948,0,0
9.45,0,0.3759,0,0
23.93,2,0.199,1,0
0.09,2,0.9117,0,0
17.02,0,0.5653,1,0
6.62,1,0.5057,1,0
2.95,0,0.2865,0,0
3.54,2,0.6541,0,0
47.76,1,0.5289,1,0
15.43,2,0.264,1,0
26.36,2,0.2676,1,0
33.06,0,0.6695,1,0
33.22,2,0.3754,1,0
5.84,1,0.3381,1,0
5.98,2,0.9193,1,0
12.87,2,0.3531,1,0
12.76,1,0.6202,0,0
1.49,2,0.203,1,0
15.44,0,0.2952,1,0
3.42,2,0.9399,1,0
63.06,1,0.4027,1,0
21.4,0,0.0804,1,0
0.79,1,0.9971,0,0
30.25,0,0.1525,1,0
5.49,1,0.8753,0,0
0.87,0,0.9403,1,0
15.96,0,0.0839,1,0
100.21,2,0.1392,1,0
8.12,2,0.3084,0,0
1.87,1,0.2098,0,0
18.13,1,0.9841,1,0
13.19,1,0.5981,0,0
12.8,1,0.7957,0,0
12.8,1,0.4378,0,0
9.29,1,0.3768,0,0
4.4,0,0.647,0,0
58.52,0,0.3679,1,0
15.46,0,0.9194,0,0
38.76,0,0.4404,1,0
10.03,0,0.5863,0,0
8.35,1,0.5438,0,0
8.04,0,0.4883,0,0
6.53,2,0.0299,0,0
11.6,0,0.9277,0,0
11.93,2,0.368,1,0
4.07,0,0.091,1,0
21.15,1,0.6502,1,0
29.62,1,0.5878,0,1
6.62,0,0.7813,0,0
24.3,2,0.7822,1,0
18.07,2,0.0553,0,1
3.57,0,0.1481,1,0
12.41,2,0.1779,0,1
12.12,2,0.9437,0,1
5.95,1,0.6711,1,0
1.61,0,0.4881,0,0
13.66,1,0.9436,0,0
44.04,0,0.104,1,0
6.37,0,0.4305,1,0
5.83,2,0.0103,1,0
1.41,2,0.4438,0,0
17.07,0,0.8768,0,0
25.29,0,0.7945,1,0
0.93,1,0.8157,0,0
5.23,2,0.6333,1,0
14.22,0,0.6722,0,0
5.96,2,0.5313,0,0
36.34,1,0.4628,1,0
10.66,0,0.801,1,0
8.22,1,0.1953,1,0
11.32,0,0.2236,1,0
9.34,2,0.1467,1,0
17.02,1,0.626,0,0
4.45,0,0.7776,1,0
6.48,0,0.1719,1,0
10.66,2,0.0522,1,0
38.93,0,0.7201,0,0
13.86,1,0.7566,1,0
4.66,2,0.7553,1,0
16.33,0,0.3841,1,0
17.5,0,0.241,0,0
27.48,1,0.9259,1,0
36.22,0,0.7471,0,0
29.23,0,0.8332,1,0
28.35,2,0.6487,1,0
37.63,0,0.2184,1,0
3.69,1,0.4232,1,0
3.01,1,0.7815,0,0
2.78,2,0.879,0,0
23.12,2,0.8012,1,0
14.18,1,0.6518,1,0
11.68,0,0.2053,0,0
35.38,1,0.9904,1,0
0.44,0,0.1221,0,0
52.85,0,0.592,0,1
7.13,0,0.16,0,0
6.35,2,0.0456,0,0
7.8,2,0.4364,0,0
27.74,0,0.9558,1,0
3.71,2,0.0804,0,0
0.45,1,0.2492,1,0
6.95,2,0.2879,0,0
6.17,1,0.7525,0,0
3.66,1,0.502,1,0
129.77,0,0.6514,1,0
3.38,1,0.9733,0,0
1.43,0,0.2511,0,0
7.84,1,0.196,0,0
0.61,0,0.398,1,0
0.38,1,0.0184,0,0
2.64,0,0.6385,0,0
5.62,2,0.9873,1,0
8.4,2,0.1816,0,0
7.69,1,0.9819,1,0
11.7,0,0.0971,1,0
4.09,1,0.2166,0,0
2.19,2,0.9715,1,0
2.84,0,0.1711,0,0
5.18,1,0.3689,0,0
1.93,0,0.4839,0,0
10.08,0,0.2168,0,0
1.22,1,0.2778,0,0
0.62,1,0.8634,0,0
2.84,1,0.9886,0,0
8.83,2,0.4859,0,0
6.49,2,0.2201,0,0
18.05,1,0.347,1,0
16.87,0,0.5147,1,0
2.28,2,0.505,1,0
33.01,2,0.1243,1,0
2.37,2,0.7834,0,0
42.99,2,0.4699,1,0
47.6,0,0.8276,1,0
31.86,1,0.7075,1,0
11.46,1,0.9435,0,0
22.98,0,0.35,1,0
14.05,2,0.6724,1,0
2.5,2,0.9463,0,0
1.31,2,0.2587,0,0
17.39,1,0.4658,0,0
10.57,1,0.2538,0,0
6.73,0,0.1115,0,0
76.98,2,0.4714,1,0
0.89,1,0.0055,0,0
0.16,2,0.5793,0,0
26.72,0,0.5685,0,0
0.93,2,0.0609,0,0
10.58,0,0.6262,0,0
11.04,2,0.8749,1,0
32.65,2,0.594,1,0
4.49,1,0.9761,1,0
7.86,0,0.1243,1,0
27.99,0,0.4048,1,0
0.47,0,0.51,0,0
10.83,1,0.9542,1,0
13.63,1,0.5549,1,0
8.13,1,0.3885,1,0
39.48,2,0.9748,1,0
20.76,2,0.1281,1,0
3.54,0,0.6285,0,0
7.66,1,0.0321,1,0
13.88,0,0.2025,0,0
2.03,2,0.0924,0,0
1.37,2,0.7942,0,0
4.38,2,0.5972,0,0
1.33,2,0.2259,0,0
14.32,1,0.9334,1,0
1.75,0,0.3058,0,0
31.79,2,0.6806,1,0
57.87,0,0.4285,0,1
0.22,2,0.0213,0,0
48.54,2,0.5178,1,0
25.76,0,0.813,1,0
6.56,2,0.112,0,0
9.23,1,0.9263,0,0
1.64,2,0.5114,0,0
5.94,2,0.9469,1,0
22.64,1,0.5044,1,0
2.28,0,0.6479,0,0
34.71,2,0.9597,1,0
27.97,0,0.9839,0,0
31.45,2,0.9454,1,0
8.92,1,0.4293,0,0
6.48,1,0.1685,0,0
1.32,2,0.0999,0,0
3.65,2,0.3214,1,0
50.02,0,0.6116,1,0
4.07,0,0.6203,0,0
3.91,2,0.4462,0,0
47.21,0,0.9184,1,0
4.66,1,0.7944,0,0
12.09,2,0.5769,1,0
1.25,2,0.1141,1,0
17.24,0,0.5048,0,0
2.06,1,0.5788,0,0
14.26,1,0.4767,0,0
41.27,1,0.9514,1,0
20.45,0,0.336,0,0
54.46,1,0.5632,1,0
27.71,0,0.4216,1,0
3.81,2,0.0992,0,0
34.01,1,0.152,0,1
47.85,1,0.3882,1,0
8.0,1,0.3487,0,0
6.75,0,0.7928,1,0
2.25,0,0.0713,1,0
3.75,2,0.0024,1,0
9.14,0,0.7116,0,0
18.02,0,0.4102,0,0
11.67,2,0.0678,0,1
1.9,2,0.5564,0,0
13.62,0,0.6585,0,0
10.16,2,0.1583,0,1
2.26,0,0.2463,0,0
1.42,2,0.2459,0,0
9.51,1,0.8345,0,0
4.08,1,0.151,0,0
17.16,1,0.242,1,0
8.21,1,0.7372,1,0
1.2,2,0.8382,0,0
13.47,0,0.8092,0,0
2.34,1,0.7061,0,0
1.49,1,0.2043,0,0
11.26,1,0.7556,1,0
15.66,0,0.3506,1,0
1.66,0,0.2497,0,0
4.32,2,0.3613,0,0
9.73,2,0.6575,0,0
21.86,1,0.5736,1,0
1.14,0,0.5911,0,0
6.21,0,0.6422,0,0
19.86,1,0.6698,1,0
18.58,2,0.1318,1,0
2.79,2,0.9653,1,0
10.23,0,0.9195,1,0
18.34,1,0.6907,1,0
3.62,1,0.9353,1,0
0.61,1,0.5642,0,0
89.26,2,0.0513,1,0
10.23,1,0.8185,1,0
33.54,0,0.3057,1,0
9.59,2,0.1416,1,0
2.48,1,0.5125,0,0
5.12,0,0.8765,0,0
31.97,0,0.7711,0,0
25.53,0,0.6923,1,0
22.49,0,0.3791,1,0
17.17,0,0.3227,1,0
11.02,0,0.2011,1,0
1.94,0,0.77,0,0
1.43,1,0.7364,0,0
0.4,2,0.0663,0,0
31.01,1,0.1385,1,0
1.98,2,0.3159,0,0
2.69,1,0.7507,1,0
7.5,0,0.0831,0,0
41.74,2,0.6327,1,0
0.54,1,0.5955,0,0
50.85,1,0.7776,1,0
7.51,0,0.2147,0,0
22.65,2,0.7481,1,0
15.24,0,0.8771,0,0
1.76,0,0.6814,0,0
4.92,0,0.8438,0,0
5.14,1,0.5607,1,0
3.4,0,0.4492,1,0
3.21,2,0.6104,0,0
7.53,2,0.4299,1,0
22.36,0,0.09,1,0
12.8,2,0.1514,0,1
46.98,2,0.1981,1,0
5.57,2,0.5193,0,0
16.41,0,0.8081,0,0
6.61,0,0.2078,0,0
0.07,2,0.7081,0,0
3.93,0,0.0057,1,0
0.03,1,0.4561,0,0
3.9,1,0.9838,0,0
10.9,0,0.8767,0,0
1.69,2,0.321,1,0
9.44,0,0.4881,1,0
15.08,1,0.6371,1,0
28.94,2,0.7488,1,0
63.26,2,0.2301,1,0
5.49,1,0.1419,0,0
3.94,1,0.1274,0,0
4.75,1,0.0555,1,0
9.6,0,0.5387,0,0
1.65,2,0.0391,0,0
13.26,2,0.5733,1,0
34.83,0,0.4346,1,0
2.99,2,0.4538,0,0
8.08,2,0.9035,0,0
9.88,1,0.2766,0,0
13.72,2,0.4385,1,0
14.59,2,0.51,1,0
0.29,1,0.7461,1,0
4.54,2,0.4546,1,0
3.2,1,0.4196,1,0
48.92,1,0.1946,1,0
23.86,0,0.057,1,0
7.5,1,0.9793,0,0
6.78,0,0.7992,0,0
3.07,1,0.2352,1,0
2.13,2,0.8884,1,0
7.44,0,0.4032,0,0
14.08,1,0.5316,1,0
1.19,2,0.0896,1,0
11.0,1,0.4969,0,0
14.2,2,0.9007,1,0
8.3,1,0.3446,0,0
30.2,1,0.7656,0,1
3.57,0,0.8039,0,0
56.64,0,0.9751,0,1
8.84,0,0.9268,1,0
2.86,0,0.3723,1,0
15.58,0,0.1262,0,0
12.28,2,0.8475,1,0
5.89,0,0.2668,1,0
11.12,0,0.3925,1,0
0.69,1,0.8731,1,0
2.42,0,0.5101,0,0
23.23,1,0.7702,0,1
1.45,1,0.3035,0,0
41.64,0,0.1319,1,0
1.7,2,0.5287,0,0
16.25,0,0.6141,1,0
16.41,1,0.2209,1,0
16.37,0,0.531,1,0
11.22,1,0.3834,1,0
15.72,1,0.01,1,0
5.69,1,0.7125,1,0
19.25,2,0.5033,1,0
1.64,2,0.7976,0,0
8.4,2,0.2205,1,0
0.13,2,0.9248,1,0
70.89,0,0.4664,1,0
19.8,1,0.0076,1,0
0.91,2,0.2393,1,0
2.12,0,0.5609,0,0
6.45,2,0.1479,0,0
13.54,1,0.7428,1,0
0.33,1,0.7982,0,0
4.2,1,0.3686,0,0
3.02,0,0.9556,0,0
4.33,1,0.6615,0,0
4.93,0,0.4138,0,0
15.28,0,0.14,1,0
34.49,1,0.5801,0,1
33.92,2,0.9463,1,0
4.55,1,0.3702,0,0
1.98,2,0.6641,0,0
5.15,2,0.3505,1,0
8.22,1,0.5399,0,0
12.8,0,0.7414,1,0
16.51,0,0.5866,0,0
41.08,1,0.2985,1,0
2.62,2,0.0309,0,0
31.51,0,0.5123,0,0
19.69,1,0.516,1,0
7.25,0,0.0473,0,0
6.59,1,0.6553,1,0
3.66,0,0.829,1,0
14.71,2,0.5883,1,0
1.15,0,0.2701,1,0
21.54,1,0.6003,1,0
5.76,0,0.5855,0,0
4.68,0,0.6261,0,0
15.63,1,0.1856,0,0
103.44,0,0.892,1,0
29.59,2,0.9758,1,0
0.29,2,0.5402,0,0
10.08,1,0.3056,1,0
41.64,2,0.0606,1,0
1.94,2,0.4899,0,0
1.01,1,0.4797,0,0
0.98,2,0.8244,0,0
3.25,1,0.6087,1,0
1.5,1,0.8555,0,0
24.9,2,0.5286,1,0
0.33,1,0.4203,0,0
8.85,1,0.7072,1,0
56.6,1,0.178,1,0
4.03,1,0.1728,0,0
7.83,2,0.8185,1,0
9.05,0,0.3614,1,0
25.52,0,0.0366,1,0
86.86,1,0.0842,1,0
4.18,0,0.0424,1,0
7.83,0,0.3842,0,0
1.93,0,0.0098,0,0
17.19,2,0.6494,0,1
29.65,0,0.637,1,0
3.15,0,0.3134,1,0
7.65,0,0.5623,1,0
18.46,1,0.9443,1,0
5.79,0,0.8067,0,0
1.02,2,0.0797,0,0
34.14,0,0.0307,1,0
0.86,0,0.344,0,0
1.14,1,0.7593,0,0
7.06,2,0.8055,0,0
0.16,2,0.3592,0,0
5.73,0,0.3753,0,0
5.54,1,0.6441,1,0
7.09,1,0.1682,1,0
10.82,2,0.6996,1,0
6.52,0,0.7138,0,0
23.02,1,0.4692,0,1
5.75,1,0.9797,0,0
57.58,2,0.0326,1,0
49.3,0,0.3578,1,0
2.88,1,0.4861,0,0
2.99,0,0.7817,1,0
1.72,0,0.0238,0,0
19.15,2,0.8728,1,0
6.48,1,0.4818,0,0
16.24,0,0.0043,1,0
14.99,0,0.1413,1,0
2.57,2,0.9736,0,0
2.93,2,0.4244,0,0
64.1,2,0.4763,1,0
13.63,1,0.9845,1,0
5.05,1,0.0216,0,0
4.44,2,0.1244,0,0
2.79,1,0.1308,0,0
1.13,0,0.7552,0,0
10.65,2,0.4137,1,0
40.8,0,0.9291,1,0
64.62,0,0.1833,1,0
26.91,0,0.3298,1,0
9.14,0,0.7433,1,0
65.67,2,0.8788,1,0
0.48,2,0.2086,0,0
19.73,1,0.0656,0,0
1.56,1,0.9815,1,0
11.86,0,0.143,1,0
1.35,1,0.1032,0,0
2.37,2,0.6621,0,0
7.31,2,0.9495,1,0
0.91,0,0.9964,0,0
0.43,1,0.7131,1,0
0.44,1,0.721,0,0
31.84,2,0.9123,1,0
54.2,0,0.5974,1,0
0.77,1,0.4083,0,0
14.09,0,0.3106,0,0
6.07,2,0.382,0,0
14.42,0,0.7983,1,0
11.64,2,0.3694,0,1
5.5,2,0.7019,0,0
20.08,0,0.6969,1,0
3.44,2,0.0235,0,0
27.73,0,0.5047,1,0
7.92,1,0.4584,0,0
3.31,2,0.2191,1,0
23.14,0,0.8485,1,0
11.28,0,0.8123,1,0
3.14,0,0.3821,1,0
21.88,0,0.5914,0,0
35.9,0,0.0998,1,0
14.02,1,0.2645,0,0
11.96,1,0.9104,0,0
10.53,2,0.3406,1,0
0.55,1,0.2511,0,0
50.85,0,0.5031,1,0
0.4,2,0.2892,0,0
4.03,2,0.063,1,0
75.92,0,0.2041,1,0
5.25,2,0.2383,1,0
43.13,0,0.5146,1,0
20.6,0,0.9561,1,0
2.13,2,0.7474,0,0
0.59,0,0.4774,1,0
19.13,2,0.2768,1,0
49.04,1,0.7443,1,0
39.03,1,0.8333,1,0
5.6,0,0.4938,0,0
5.91,0,0.4606,0,0
21.62,0,0.3045,0,0
0.23,0,0.5829,0,0
9.98,2,0.1706,0,0
2.91,1,0.0997,0,0
5.32,0,0.8043,0,0
0.2,1,0.559,0,0
19.5,0,0.1334,1,0
17.4,2,0.7642,1,0
29.5,2,0.5359,1,0
13.75,1,0.1713,0,0
4.7,2,0.4183,1,0
10.05,2,0.4938,1,0
23.99,1,0.3466,1,0
7.04,0,0.5046,0,0
44.95,0,0.0778,1,0
79.77,1,0.3445,1,0
8.1,1,0.2728,0,0
80.64,2,0.5901,1,0
11.25,1,0.0193,1,0
6.31,0,0.6893,0,0
2.28,2,0.0069,0,0
6.84,1,0.3371,0,0
5.52,0,0.3355,1,0
5.05,0,0.4345,0,0
12.17,1,0.6048,1,0
0.32,2,0.9555,0,0
24.31,1,0.044,1,0
5.02,0,0.6854,1,0
3.44,0,0.1567,0,0
0.95,0,0.342,1,0
0.71,1,0.17,0,0
9.01,1,0.9105,0,0
14.34,1,0.1055,1,0
45.07,0,0.9947,1,0
8.92,1,0.9621,1,0
44.71,1,0.7194,1,0
0.53,1,0.0796,0,0
61.78,0,0.3121,1,0
17.73,1,0.8143,0,0
5.06,0,0.2548,0,0
1.83,1,0.2261,0,0
26.32,1,0.4214,1,0
3.98,0,0.3319,1,0
0.47,2,0.0445,0,0
2.63,0,0.6275,0,0
6.66,1,0.95,0,0
18.65,0,0.9449,1,0
27.9,0,0.7797,0,0
0.48,0,0.5039,0,0
2.66,2,0.0958,1,0
5.74,2,0.6413,0,0
11.88,2,0.053,1,0
2.03,2,0.1266,0,0
21.67,1,0.935,0,1
0.16,2,0.4855,0,0
15.67,0,0.627,0,0
51.04,0,0.9846,1,0
30.39,2,0.4657,1,0
5.66,0,0.8648,0,0
22.79,1,0.0136,1,0
1.98,0,0.8163,1,0
23.85,0,0.7084,1,0
42.73,2,0.1179,1,0
63.28,1,0.7075,1,0
42.67,1,0.5267,0,1
22.88,2,0.0084,1,0
2.86,2,0.3953,1,0
9.88,0,0.753,1,0
12.29,0,0.8395,0,0
8.34,0,0.8188,1,0
20.18,1,0.4658,1,0
3.35,1,0.6732,0,0
11.19,2,0.6292,1,0
38.6,2,0.6567,1,0
3.84,0,0.6526,0,0
2.68,1,0.6184,1,0
1.09,2,0.213,1,0
40.05,2,0.0554,1,0
66.2,2,0.4234,1,0
10.15,2,0.6381,0,1
2.31,0,0.9381,0,0
11.53,2,0.9395,0,1
0.29,0,0.9796,0,0
6.33,0,0.5094,1,0
4.41,1,0.3216,0,0
19.8,1,0.6456,0,0
12.45,1,0.1441,1,0
26.69,0,0.0715,1,0
10.05,1,0.9086,0,0
13.45,0,0.0505,1,0
2.05,2,0.1079,0,0
42.39,0,0.5821,1,0
7.32,1,0.509,0,0
37.92,2,0.8779,1,0
2.65,1,0.2927,1,0
15.48,0,0.9657,0,0
14.61,2,0.297,0,1
11.25,1,0.3865,0,0
0.35,2,0.3605,1,0
20.04,2,0.3731,0,1
72.8,0,0.9248,1,0
5.81,0,0.4065,1,0
18.3,1,0.6793,1,0
30.86,0,0.3129,1,0
0.06,0,0.7766,0,0
5.64,0,0.698,1,0
4.78,1,0.3112,0,0
19.84,2,0.9706,1,0
4.67,1,0.9784,0,0
2.44,1,0.6658,0,0
0.19,1,0.7251,1,0
2.27,2,0.3375,0,0
3.2,0,0.2764,0,0
1.71,1,0.4733,0,0
12.53,1,0.2062,0,0
17.82,0,0.7712,0,0
4.25,2,0.3785,0,0
0.08,0,0.6747,0,0
1.38,2,0.6985,0,0
1.08,1,0.3705,1,0
23.93,2,0.2451,1,0
2.31,2,0.0736,1,0
0.91,2,0.4205,0,0
8.62,1,0.7839,1,0
30.42,1,0.6765,1,0
4.05,1,0.026,0,0
0.6,2,0.3855,1,0
10.71,0,0.2288,0,0
21.11,1,0.8592,0,1
10.32,2,0.9234,1,0
0.21,1,0.2418,0,0
10.48,0,0.2061,1,0
4.02,1,0.54,0,0
9.15,2,0.2009,1,0
13.84,2,0.3248,0,1
14.97,0,0.0151,1,0
10.25,0,0.0792,1,0
28.99,1,0.1942,1,0
25.89,0,0.9844,1,0
7.32,2,0.6061,0,0
47.86,0,0.8185,0,1
37.61,1,0.6442,1,0
8.4,0,0.9641,0,0
55.32,2,0.6945,1,0
3.74,2,0.1118,0,0
0.12,0,0.4919,0,0
1.03,0,0.8703,0,0
15.94,2,0.0183,1,0
9.59,0,0.3872,0,0
11.54,0,0.316,0,0
3.55,2,0.908,0,0
6.92,1,0.3551,0,0
24.05,2,0.8206,0,1
0.63,1,0.1913,0,0
22.63,0,0.6946,0,0
10.99,0,0.0142,1,0
2.64,1,0.998,0,0
15.29,1,0.4015,1,0
3.63,2,0.2193,0,0
7.26,1,0.9677,1,0
2.6,2,0.0325,1,0
138.58,0,0.5268,1,0
15.31,2,0.1597,1,0
43.95,2,0.7725,1,0
11.35,2,0.5711,1,0
1.32,0,0.8916,1,0
1.1,2,0.4381,0,0
13.97,1,0.4394,0,0
5.01,1,0.8555,0,0
5.28,0,0.3668,0,0
9.38,1,0.3642,0,0
7.7,0,0.8973,1,0
26.47,0,0.8928,1,0
2.63,0,0.8974,0,0
1.06,2,0.7909,0,0
0.0,2,0.9317,1,0
10.5,2,0.9255,1,0
42.85,0,0.5868,1,0
36.74,0,0.6805,1,0
0.07,0,0.2341,0,0
10.56,2,0.2017,0,1
6.01,0,0.6012,0,0
22.87,2,0.1926,1,0
0.24,2,0.2137,0,0
0.4,0,0.2017,0,0
0.23,2,0.3431,1,0
17.41,1,0.4782,1,0
4.43,2,0.1402,0,0
2.67,2,0.8766,0,0
4.27,1,0.1859,0,0
10.96,0,0.5219,0,0
18.67,1,0.2039,1,0
3.99,0,0.4833,0,0
23.43,1,0.9467,1,0
5.77,0,0.6751,0,0
11.24,2,0.1071,0,1
3.53,0,0.8229,1,0
3.26,0,0.3009,1,0
0.53,2,0.3515,0,0
2.98,0,0.8702,1,0
17.06,1,0.8706,1,0
6.55,0,0.244,1,0
2.43,2,0.8243,0,0
0.24,0,0.9008,0,0
17.16,1,0.709,1,0
10.68,2,0.3379,1,0
1.21,0,0.8998,0,0
29.56,1,0.4563,1,0
13.6,2,0.8553,0,1
11.03,2,0.1336,1,0
8.88,0,0.0862,1,0
1.88,1,0.5923,0,0
24.88,1,0.4931,0,1
1.67,1,0.6389,0,0
15.32,1,0.3427,1,0
3.82,1,0.5784,0,0
42.78,0,0.1847,1,0
1.75,1,0.1959,0,0
5.54,2,0.2606,0,0
21.24,0,0.8645,1,0
16.35,1,0.0231,1,0
16.1,0,0.9022,1,0
0.04,0,0.7437,0,0
17.67,1,0.7078,1,0
3.48,1,0.777,0,0
7.0,2,0.132,0,0
7.73,1,0.272,0,0
0.21,0,0.1364,1,0
25.12,2,0.6719,1,0
5.77,1,0.3541,0,0
22.02,0,0.2687,0,0
2.73,1,0.4164,0,0
12.83,0,0.3294,1,0
0.89,2,0.8004,0,0
9.56,2,0.5231,0,0
0.01,1,0.2926,0,0
27.88,0,0.5477,1,0
22.82,2,0.3811,1,0
7.98,0,0.9175,0,0
1.58,2,0.0838,0,0
12.11,1,0.5825,1,0
4.92,1,0.0834,1,0
7.82,0,0.1129,0,0
32.93,0,0.0429,1,0
16.89,0,0.7764,0,0
6.88,1,0.5158,0,0
2.31,0,0.6672,0,0
9.12,1,0.9165,1,0
0.55,1,0.9047,0,0
27.64,2,0.359,1,0
0.39,1,0.5752,0,0
1.25,2,0.5647,0,0
19.71,0,0.5128,1,0
2.3,1,0.4458,1,0
81.55,2,0.7146,1,0
21.65,1,0.3704,1,0
38.62,2,0.0524,1,0
9.02,0,0.4249,0,0
34.54,2,0.28,1,0
6.53,0,0.6028,0,0
45.58,2,0.9364,1,0
29.73,0,0.7664,1,0
10.0,2,0.9108,1,0
11.64,1,0.1794,1,0
17.89,0,0.6338,0,0
1.25,0,0.8397,1,0
2.85,0,0.0447,0,0
1.59,1,0.975,0,0
43.77,0,0.7565,1,0
21.0,2,0.8847,1,0
51.76,1,0.8809,1,0
5.85,0,0.2288,1,0
3.4,0,0.3161,1,0
13.43,0,0.8059,1,0
67.64,2,0.5911,1,0
17.32,2,0.7235,1,0
14.06,2,0.5818,0,1
5.14,0,0.9219,1,0
39.51,1,0.279,1,0
15.27,2,0.375,1,0
5.91,0,0.9414,0,0
0.12,2,0.5354,0,0
3.52,2,0.4909,0,0
22.09,0,0.3405,0,0
0.85,0,0.443,0,0
7.42,1,0.235,0,0
0.59,0,0.7553,1,0
49.31,2,0.8197,1,0
10.25,1,0.261,1,0
9.54,2,0.0348,0,0
10.56,0,0.9524,0,0
12.92,2,0.0324,1,0
8.82,0,0.4616,1,0
4.23,1,0.55,0,0
5.73,0,0.6687,0,0
0.3,2,0.8825,0,0
32.02,1,0.3444,1,0
1.59,1,0.0805,0,0
48.74,2,0.416,1,0
16.48,0,0.8989,1,0
28.36,1,0.4775,1,0
1.81,0,0.0719,0,0
28.32,2,0.3628,1,0
2.57,0,0.9339,0,0
2.51,2,0.3399,0,0
1.03,2,0.8028,0,0
4.35,2,0.0531,0,0
4.38,1,0.5096,0,0
2.82,0,0.1157,0,0
35.96,2,0.0951,1,0
2.21,2,0.1635,0,0
11.83,1,0.3207,1,0
7.27,2,0.8812,0,0
4.91,0,0.596,1,0
1.19,2,0.5829,1,0
28.15,2,0.2936,1,0
31.81,1,0.61,1,0
1.89,0,0.0117,0,0
14.03,1,0.2179,0,0
3.71,1,0.6544,0,0
13.85,1,0.752,1,0
27.16,1,0.459,1,0
24.74,1,0.0133,0,1
3.09,2,0.8643,0,0
7.88,2,0.829,0,0
11.29,2,0.5418,1,0
0.84,1,0.2615,1,0
31.82,2,0.8898,1,0
10.93,0,0.537,1,0
37.02,0,0.9332,1,0
10.06,1,0.392,0,0
10.99,1,0.943,1,0
11.13,2,0.8124,1,0
59.77,2,0.9449,1,0
18.25,0,0.1213,0,0
44.62,2,0.1401,1,0
7.26,1,0.5378,0,0
0.34,1,0.2392,0,0
8.51,0,0.1002,0,0
15.27,1,0.7669,0,0
11.96,2,0.7395,1,0
2.61,2,0.9723,0,0
6.79,0,0.6741,1,0
4.12,2,0.1219,0,0
3.65,1,0.1325,0,0
15.43,0,0.7552,1,0
5.39,0,0.4436,1,0
2.22,1,0.624,0,0
29.13,1,0.8896,0,1
68.72,2,0.1932,1,0
13.97,0,0.9184,0,0
7.81,2,0.9842,1,0
2.33,2,0.9183,0,0
0.42,2,0.569,0,0
7.74,0,0.1377,0,0
51.95,2,0.9202,1,0
4.13,2,0.7465,1,0
5.16,1,0.1341,1,0
0.07,2,0.4084,0,0
